LIMBS,IS_MODEXP_BASE,IS_MODEXP_EXPONENT,IS_MODEXP_MODULUS,IS_MODEXP_RESULT
0xc8c7578b2dabdf569d60c0ccf83a3265,1,0,0,0
0x9397528390b0cfafa1c2dd279c7a4548,1,0,0,0
0x82474da57e0c11bfbeb9dd21fa359363,1,0,0,0
0xabcef533624f7c948a597ccffd6474a3,1,0,0,0
0xa4a18373952ae544c7ba40c81321f697,1,0,0,0
0xe0ca31643bc978622767fe99d77dc18b,1,0,0,0
0x6fedc6117f50f82da47ae03485004fe9,1,0,0,0
0x1a363218d8bd7761c46bcabbdccd50f,1,0,0,0
0xdb30bd6d68ad9dd228e932d9b365dbc0,1,0,0,0
0xb8f945d2261f18fef0c669f114116064,1,0,0,0
0xa6b30e0e8d5b44961f960663f49665b8,1,0,0,0
0x20d6f330787ecfe198378a6372e6fae2,1,0,0,0
0xb4c4745205d5865b9feed9dcc90f1daf,1,0,0,0
0x5ba312d1d73419dace034efa67db128e,1,0,0,0
0xe956072576c6ae1c97f7f7c4f7076dcc,1,0,0,0
0x61247dda3265ef040f53f2e41dddbf78,1,0,0,0
0x942e9583af6335c100dd6cd119ea1bcc,1,0,0,0
0xbff0e7e047e8bb2c77f50c8b2e9f0866,1,0,0,0
0x3965d90532c031f5761c32a8bb0502c,1,0,0,0
0x25e42c4e38a19e82b6178e8520c3f084,1,0,0,0
0x7200a9bffc2a2266b280748edb0dffb5,1,0,0,0
0x4c506e45937a8dca41b10b6754122d52,1,0,0,0
0x88c5b8d0ca99f32a8acab568efb728fa,1,0,0,0
0x270789e32f625efbd72f150868748a76,1,0,0,0
0x65292fcc886cfdd8d85b841f6dd4b3e9,1,0,0,0
0x3e4605f3f927a239e7ce372a38652fa3,1,0,0,0
0x8830bb118087de9c46ca61a76326bb3e,1,0,0,0
0xaa19a8387fa7d8c5e4f5c220e79400d,1,0,0,0
0xe8a518af763e2969a5ceef76c4b8cac6,1,0,0,0
0xbfe7e405b46acfb6474f909150d8c422,1,0,0,0
0xb4a8d4acfbd89f5f09878ef8150df924,1,0,0,0
0x788562b3a00088515c1fcc8e9260096,1,0,0,0
0x17f8eecb6f57e2bf5858cb4b6591d9d1,1,0,0,0
0xfb7a1754c8bd9bbee6c11a611d789bf9,1,0,0,0
0x9eaa24ea175a38000beab3df3a3b0c2,1,0,0,0
0x63432be5dcde711ac68b418f670f774b,1,0,0,0
0xf7e2731b8a19c35b7533947687c07ba3,1,0,0,0
0xfa4efdba07f1f89045ea6b585725d9f5,1,0,0,0
0xb800b529eaff6a93f2470cff2f2772bf,1,0,0,0
0xd232de7ddec321698377e2a196b81036,1,0,0,0
0x79a0e38218bc60ed9493e92bcdba8b6c,1,0,0,0
0xce2569fe8c6c37fc2ab8da6c3be596e2,1,0,0,0
0x8d203b3bd2335c590725f7100353e110,1,0,0,0
0x2366d7a8c3b5d63d41245542a3efe170,1,0,0,0
0xa600457e76a9d00b30ae55353af9a692,1,0,0,0
0xc5389c141697f98567d36ef50046e02,1,0,0,0
0x26706b210515e42f6059b36f52f4b11a,1,0,0,0
0xb3df1b35afe69ae6325eb563bb5b08ab,1,0,0,0
0x74b0d85c3e386ce65a1e7529a474041b,1,0,0,0
0xc5e1f15bacbb4cfe369d3a84e102a564,1,0,0,0
0x102c7876566d9ec7f56065290acdfae,1,0,0,0
0x23e435252ac500f8cf5b5e666cabb22e,1,0,0,0
0x16e47dd971a08a76a8b9d6080c6d1084,1,0,0,0
0x3b75c4cf45abaa9250a03ad78e173c58,1,0,0,0
0x36a96116b392ef7cd964003e01d8f27e,1,0,0,0
0x9dc20fd19899197811b7646a497fc9a7,1,0,0,0
0x448b86ef3e318682a10d270c7ad74e3a,1,0,0,0
0x214ad15c6cbd781e05afdea590ff7e31,1,0,0,0
0x70ba69ad9ae151362d9beffc19e2410e,1,0,0,0
0xf5dd1525038b9883111046793e413d51,1,0,0,0
0x56f3161b565cb5212fbd8284d292f8b9,1,0,0,0
0x35ffc287588cc63406a7f40dd3ce9df3,1,0,0,0
0x7a3c1511114edc3ea488d8d672c25350,1,0,0,0
0x19363fbeac3f0309ee8c59affd283cc6,1,0,0,0
0x95a4a53054026ccbb06d99b84419b96a,0,1,0,0
0xc7b72be2db3f0f7999d885318779ea55,0,1,0,0
0xed950b34e800b90000efd180483625af,0,1,0,0
0x86fb7d80f25f413bbca732b9da9998cc,0,1,0,0
0xb82b8585b8317dad410c7129447894e9,0,1,0,0
0x2c4731bf4f93f27eca25dffdfe18e07a,0,1,0,0
0x606db6a7502fa9fea5c090631393a2f2,0,1,0,0
0xcdcbf62c874ea08f944efd5c3e0cd57c,0,1,0,0
0x15be4ca5336ab366274c83382f11758c,0,1,0,0
0x36c8ff94ebf48b8fe396381dbc319a7e,0,1,0,0
0xcd4d9c147fd5640b7977a8ed2afd6f8c,0,1,0,0
0x3d7a735b5397fb0f3b5acd9b365d440a,0,1,0,0
0x7862746721bfe61fcf3a12c7e383b585,0,1,0,0
0x9eb3a3cd1d96ff99cde60b1dfc5bc87d,0,1,0,0
0x6b117e8ce6277f1502fa179a7fd9899d,0,1,0,0
0x2c33b49102842fcd45ecfd3fab7d6474,0,1,0,0
0x7da531c36ddbd4d3ae2e358f1943cbe4,0,1,0,0
0x9ae182372d71dfc22929399384fc0968,0,1,0,0
0xaf041700223e0714357bcf20469517e3,0,1,0,0
0x7db002574aab6fc79638b7c902ec5e11,0,1,0,0
0x429b9da95f50e122281c4e173bbfcbc4,0,1,0,0
0xb86bb8aec47ddcdd91987ab3c6f3aaee,0,1,0,0
0x8c4eeb777d04f1dad660877710811eda,0,1,0,0
0xeed73e14cb37f4858b6f04ea40d16657,0,1,0,0
0x7e85aaa725297ec25e37eb8b46422ba9,0,1,0,0
0xb8dd634a47b37d4180b4c8f7d2f3f1e7,0,1,0,0
0x14fc4bc7c202e56c8e81da4d84cb6919,0,1,0,0
0x58948002b027f3785559a00e6e50385b,0,1,0,0
0x9858cbc2442017cc47152c0b52816403,0,1,0,0
0x263824e2c7ebb58c48e248e1ad2b8889,0,1,0,0
0xfa5fa338ff71331020d7f27201a45752,0,1,0,0
0x496022a8ab666f01550853fe833f0a20,0,1,0,0
0x166b19ea552315183cfced8ee4bc19e,0,1,0,0
0x6470c659db3c8479d0652e94c441b17c,0,1,0,0
0x7cf44b8a698422d2f5b169bb7187f9f,0,1,0,0
0xcde144961dd49b1a2828fccd67df1202,0,1,0,0
0x4ea558b30bd356ccdbad9f26efa75a6e,0,1,0,0
0xf40604bf2afd85f8760bc8feb0c0293,0,1,0,0
0x786a16ab3dbba283db2b37cadd35cd89,0,1,0,0
0xae053a3460b680a4f9d968b46aa4cd3e,0,1,0,0
0x2cdb7ea21b083c54d0b57b9fb7c2e0d7,0,1,0,0
0xb513854e511322f943ada79a160d9101,0,1,0,0
0xd8a60296bed2d2eaf2244d6d7e7959d6,0,1,0,0
0xcb9da3ee13c3d43a3673ed59c73f1bde,0,1,0,0
0xde1a5826073fb14ae30985e0219fbe02,0,1,0,0
0x1deca3bec57608aa003b8cdd8a05c652,0,1,0,0
0xf1d825c150fb5a050e449c9eb23adefc,0,1,0,0
0x5e7fce4ae437ecd682be7b2ae538040b,0,1,0,0
0xcf78929802ef2571c43542ba71522a30,0,1,0,0
0x29247eab6b18607af2cc79c71329afed,0,1,0,0
0x13ce54606b108d6cb25bed08d1885f45,0,1,0,0
0xc284673e55a1592da501939c1801793a,0,1,0,0
0xe41ccee835d607f9df3a4036d9bca3c4,0,1,0,0
0x8e6cad6deae0b02e40227d7f13687570,0,1,0,0
0xeb448ec4e5edefa6d038a71f78f5af54,0,1,0,0
0xe36e16e31fba01f883297391fee9116a,0,1,0,0
0xf8b820db7b68581595a4bc56ce6ae963,0,1,0,0
0x7a0e131d834d7a150e440287061f73ab,0,1,0,0
0x8f8e2dcd0bb4c3021460979c6f0fec63,0,1,0,0
0xa316b1fd3058f1b576965c5ad2bcccc9,0,1,0,0
0x945596edcbcef97683e1cd8eae32a516,0,1,0,0
0x59cae1a62bda7574d30dbe60e0d46dc,0,1,0,0
0x3ab8e288fce3d0cabc5baf516d2dbf61,0,1,0,0
0x2aea795beeb29d1f8937a55088d9a47f,0,1,0,0
0x4a187d025cdc9cc2ce971b267f431491,0,0,1,0
0xaeb7e9f23fd0b44e7e6984594e19b8e8,0,0,1,0
0x2bd724efc0c9105cec57c3a989fab812,0,0,1,0
0x2daf6710dcdc7dea52f50c58691a9a13,0,0,1,0
0x8ff0f592b8884d7373601ba7df03f488,0,0,1,0
0xf70e3d0c49ca22cbbe90d3ff417b0e2d,0,0,1,0
0x4746e726f6457fbf5d916a5ed38a72ae,0,0,1,0
0x591c5045d173a22107d258b94f18a369,0,0,1,0
0xa70d43eb2a584e5d2bd415cc53cd0a9f,0,0,1,0
0x277fe023aa1363475523393d33fca4a7,0,0,1,0
0xe9791da448bedd8726493390983e914d,0,0,1,0
0xaac79b743e4f5f34ed3e998f05e67eca,0,0,1,0
0x6468bc4f66a6eb689911358eb1dc53b5,0,0,1,0
0xc704a084c9d12842cb95a2600a411661,0,0,1,0
0x75bc3ae4bb93f24fa50b2d16bce6643e,0,0,1,0
0xcacaba628a5c736664ec562dbfbce951,0,0,1,0
0xe517c1fd4f6987541cf0a39d79b8a64e,0,0,1,0
0xd3b454cea4c1e5b8c049a87420fecc70,0,0,1,0
0x7eadeaaa213d7c9bae71c6959bd5462b,0,0,1,0
0xc42841de65bd1edc853b2650511f3a8c,0,0,1,0
0x5ec1592583b03c1f9cfda966027b8c77,0,0,1,0
0xf980878e84a303248191d4502fd91ce0,0,0,1,0
0x8ca225e254892ed667ea2e398f407331,0,0,1,0
0x863399302489f5991c271e5365fd4549,0,0,1,0
0xbb5e1c6fc86d83e9b8140f8a912f8de1,0,0,1,0
0x8ce5c60a831f887fab566dfbadcc8183,0,0,1,0
0xe1bdb4030cab0838d940ab676706ff6,0,0,1,0
0xcf286e446fd61a6515ad38a2b1744b62,0,0,1,0
0x72f8273dedf70087f2425b423ba34f37,0,0,1,0
0xe41d1d1ac40281a150897b5917731da7,0,0,1,0
0x6272f15dd3a6c91b4af2e8c9627c58ce,0,0,1,0
0x97b795f4f5f6539589bbec3299d06f64,0,0,1,0
0xb24bdd2de020615dbc59664a55a6fd,0,0,1,0
0x2fecec750fc37cce9f7d906bde5b32ed,0,0,1,0
0x5af802c2ce85f962025a7c49a0019052,0,0,1,0
0x6274e350b1c1e745927d475ef1c6edd7,0,0,1,0
0x6c339d208de0c5adafd0b54281f82a4b,0,0,1,0
0x6e1097545f6ac0c1b7b630298ac319b0,0,0,1,0
0x7f6960dbb5fc4973462366ed23489431,0,0,1,0
0xecd6ba850a938b1ea0fb1098c03b7b00,0,0,1,0
0x7917d5eb9608fbf16c85432d3c342412,0,0,1,0
0x70f09c5ff90ab23af37615db3ec6a274,0,0,1,0
0xfdf27ed124e6ef5825282a14506bd83a,0,0,1,0
0x480fcdee4e94d7aa38015e4606821f58,0,0,1,0
0xd5a0c42d591fbee2da3097f735665469,0,0,1,0
0xdcf4cc1210098fabcb734a1204b77c1a,0,0,1,0
0x2fb91d9096d2dc35fd9b091077b1d3aa,0,0,1,0
0x5e4704d05d069146b416a14e9ab1d141,0,0,1,0
0xe534f6286529dbfd7a6ba038e2f94e6e,0,0,1,0
0x2b44c1b460fe57d0449641a6c4e2d240,0,0,1,0
0x8b9b46751f191367db913b1666e64686,0,0,1,0
0xf87ce32bec73ca4f8b10226ed17c39c3,0,0,1,0
0x9f44a50dcf7dc77db52e274d1fa87702,0,0,1,0
0x72e2995c98ebc471aac0f118f9c6a2eb,0,0,1,0
0xcec26359b453f328c52523aad4e8bd7f,0,0,1,0
0x6f56901671b7d5965268c64ab6e88a90,0,0,1,0
0x3b88d05e0d420a5ce37099cef2812bba,0,0,1,0
0x6e1781f3459244d566809801a3e81ffa,0,0,1,0
0xb86099bc975f08eb70ab47f1ca3aac8a,0,0,1,0
0x3a7b508d7afb292e57363bda7da21cc7,0,0,1,0
0xfae5103661c8800814b5247618b6b231,0,0,1,0
0xba622eb5769943cca73dce5bf17fd6e1,0,0,1,0
0xc02f7d4fc65ca999b243022b138b6781,0,0,1,0
0x8d17d4d7f2fa79f2e2910226497e3f92,0,0,1,0
0x469eedfeac7c6831b27c0d9f3e6a4f3b,0,0,0,1
0x7fe3e372ed1c6b0e5548fe869d0f113f,0,0,0,1
0xb67d65e5a393df4ffcb6245d575ff470,0,0,0,1
0xc3b9840c1edfa5aa4698078790023ccc,0,0,0,1
0xabd63dff936729add287c78d8054f7d9,0,0,0,1
0x1f0257eb89acb3508a07a2727b8bbb8c,0,0,0,1
0x1a278f00dfad81b6ccc3576b2f2ee88,0,0,0,1
0xc958f93258d00029f601beb36ec36606,0,0,0,1
0x2fbf80b38e19ed9254d4f260b0d3d04,0,0,0,1
0x579341729ccc4b839ed37530da786900,0,0,0,1
0x3185320f265ffc2666c6280aa2163b54,0,0,0,1
0xa1ca5b585ff7f54cb08d598e5b1b48e6,0,0,0,1
0xca64a84f02eef43afa73980e9e53960f,0,0,0,1
0xfbab1c4c18d075da696e2e72ca880e9e,0,0,0,1
0xc58a0b2df69b188ae15d35d4c8dba662,0,0,0,1
0xf98c40d5def0a38ccd6f4679ef5a43e7,0,0,0,1
0xd7dee58d57f0fdd15378311a52fdfae3,0,0,0,1
0x32f900e50ff0caa29f2b8b693ee95819,0,0,0,1
0x4d8dbc2811555fa10cb4b95bb1239441,0,0,0,1
0xcf564ef91205321828e552f740df5a08,0,0,0,1
0x4287597f0b20ac9d066a8504d3ee06fc,0,0,0,1
0x362a7f3d6c4b4e9f987ec9050ae9bd14,0,0,0,1
0x3cbd9e87f5a4e4dfc5dce094450dcb7,0,0,0,1
0xb7b7ea1de370837eecaf7426d34cce61,0,0,0,1
0xac743e96016e48e833c85679441181d,0,0,0,1
0x326fc38873ca15663963bd22f0f99a7c,0,0,0,1
0xf3c05322f79dbf935cf4235f26bb15e2,0,0,0,1
0xf69bb1108931233e7bb394c4a2c2f3c6,0,0,0,1
0x2fbc32e92c435dc36e26e92d1507439d,0,0,0,1
0xa8b5668651dacfa041771c7c646d77f0,0,0,0,1
0xb0e4694d10861edc6343d4dd3e4628ea,0,0,0,1
0xad2c184269d5ea538283c9b1d1ed6476,0,0,0,1
0x7bffd47f875f3db5f6d62ff8281a6963,0,0,0,1
0xaec9174ddab99fe0283556eee98826b6,0,0,0,1
0x4afb9cc2ff8589b6d2b0502b6a1d50d8,0,0,0,1
0x7773dc7da148403d6069c1684734896,0,0,0,1
0xb108e42a45881e0b386cdca30990e4e0,0,0,0,1
0xa8e432a285a1f5cace5b1f17d5971784,0,0,0,1
0x5cfd8126822456478e0f41817daf7396,0,0,0,1
0xc451daa903d7cfcc2719c3fc766ff4cc,0,0,0,1
0xf601f2e08589542a2a1f34266f65e2a4,0,0,0,1
0x410b1256f820aa03e3a605851af3b6a2,0,0,0,1
0xed0c45c9b868014e8e539950d3a7addf,0,0,0,1
0xd6b8b58792b81c512122f4289d38da51,0,0,0,1
0x56b99ee415db79710dcf86ce54c49f0,0,0,0,1
0x92b49886aef023497c3a1a262bffc48f,0,0,0,1
0x8c28ccadbbcfff94cfbe84228e7d1b74,0,0,0,1
0x791273a091c91580613bd9b6999ff244,0,0,0,1
0x827af60859350d1825650a8c89b5e1d6,0,0,0,1
0x8b7da280a9828527c5e4865dd6daf792,0,0,0,1
0xdd35c3cd7b244a47d780dcab104cd2bf,0,0,0,1
0xeff46f05b5f6129ba62614b13c339bce,0,0,0,1
0xc619b96d2f7194eebf6aa256583e6e16,0,0,0,1
0x63980f6bf30f71d924a09d1164ed42c1,0,0,0,1
0xe023007ad5510a2142173fdc66824bbd,0,0,0,1
0xa537cbe04d905d3d126be78d1cdfd131,0,0,0,1
0x9c60a734469d643143b469c7463b3b23,0,0,0,1
0xa789cf66e54cc38c1d750e1c4c9019bc,0,0,0,1
0x276593b116c0e5393e464e2db62f5926,0,0,0,1
0x7874a4aa3911e4398d773f84da7eada9,0,0,0,1
0xcd8245a0e0af8e6d094c42d2863e70d2,0,0,0,1
0x4071723ab757cf9a22e1e6718f2dab4c,0,0,0,1
0x730b11b34c62d757777502bbd92c94c5,0,0,0,1
0xceab7be1a169565cc67343d6b454b0cc,0,0,0,1
