MODEXP_LIMBS,MODEXP_IS_ACTIVE,MODEXP_IS_SMALL,MODEXP_IS_LARGE,MODEXP_TO_SMALL_CIRC
0x0,1,0,1,0
0x0,1,0,1,0
0x0,1,0,1,0
0x0,1,0,1,0
0x0,1,0,1,0
0x0,1,0,1,0
0x0,1,0,1,0
0x0,1,0,1,0
0x0,1,0,1,0
0x0,1,0,1,0
0x0,1,0,1,0
0x0,1,0,1,0
0x0,1,0,1,0
0x0,1,0,1,0
0x0,1,0,1,0
0x0,1,0,1,0
0x0,1,0,1,0
0x0,1,0,1,0
0x0,1,0,1,0
0x0,1,0,1,0
0x0,1,0,1,0
0x0,1,0,1,0
0x0,1,0,1,0
0x0,1,0,1,0
0x0,1,0,1,0
0x0,1,0,1,0
0x0,1,0,1,0
0x0,1,0,1,0
0x0,1,0,1,0
0x0,1,0,1,0
0x0,1,0,1,0
0x0,1,0,1,0
0x2d6dad79aa92906852fd76561d6acf5d,1,0,1,0
0x71f97df22f1d391756c04d74be886052,1,0,1,0
0x2026b6925051dfec67caecf914a14d8e,1,0,1,0
0x379bd9521e72b25eaad1c4ebae378212,1,0,1,0
0xd30c9a07e866e7f4c95057d2c98d7827,1,0,1,0
0xb1dce09a4c1b3f81a223c7fa60a75f2e,1,0,1,0
0xfca964db599e621ba736445faec18c3c,1,0,1,0
0x911edc08b51562ae957970aa34fae7cb,1,0,1,0
0x5d1c8cfc9d8831b062139b913d66bc69,1,0,1,0
0x5b43e79a1f9844ac0e470a7d7da88587,1,0,1,0
0x6d02a3d13fda06d5ce153e5e77427b22,1,0,1,0
0x8c612ef729166e78fe17d7b2215ff59c,1,0,1,0
0xdc92a7ff8c9560db4b6824e0b23cb783,1,0,1,0
0x2df6085eda9534f7c1412a8ec4831470,1,0,1,0
0xc9e2e55bebc7c495ba27775d7cf72367,1,0,1,0
0xb6dbd786ff4f25ad096dc49daafe6b98,1,0,1,0
0xf4cf17d8e78cc446b0b2d195a78327e7,1,0,1,0
0xa3bb09ab6b502786ba4e8bd8fb707f71,1,0,1,0
0xa87abf9be85af405aa2471afa0b7ffcf,1,0,1,0
0xb36679852c14ac64ac95914f0184ddfa,1,0,1,0
0xacac358b1d8d5ef920bad40ad976edbf,1,0,1,0
0x3e12ebbf96d7674b4a9a44a90ff7d9dc,1,0,1,0
0x564a0e5fd89a461060bf86371bbd4ddc,1,0,1,0
0xc43383ec8ce4e9492032088c66026f6c,1,0,1,0
0x677be9a5dddd28aeea0c1232670a334a,1,0,1,0
0xa5998b03612182e473de12eb58d3ec53,1,0,1,0
0x45d2143944753d69e08308f58959a4fc,1,0,1,0
0x6c7304a997283d4e38a5c176d6ee15bb,1,0,1,0
0xc152a16303137ea60a64742281cd55f6,1,0,1,0
0x89dfcac1e8b70d9230eaef9bffc41eae,1,0,1,0
0xc3229e76ea1add513277129820bb0c5a,1,0,1,0
0xdc665d54ba8231958e452eaaea1c5bd0,1,0,1,0
0x0,1,0,1,0
0x0,1,0,1,0
0x0,1,0,1,0
0x0,1,0,1,0
0x0,1,0,1,0
0x0,1,0,1,0
0x0,1,0,1,0
0x0,1,0,1,0
0x0,1,0,1,0
0x0,1,0,1,0
0x0,1,0,1,0
0x0,1,0,1,0
0x0,1,0,1,0
0x0,1,0,1,0
0x0,1,0,1,0
0x0,1,0,1,0
0x0,1,0,1,0
0x0,1,0,1,0
0x0,1,0,1,0
0x0,1,0,1,0
0x0,1,0,1,0
0x0,1,0,1,0
0x0,1,0,1,0
0x0,1,0,1,0
0x0,1,0,1,0
0x0,1,0,1,0
0x0,1,0,1,0
0x0,1,0,1,0
0x0,1,0,1,0
0x0,1,0,1,0
0x0,1,0,1,0
0x0,1,0,1,0
0x98d0cf29ec9f081026d611d23ccd2df8,1,0,1,0
0x3d4e50e5158626f736396e3f0203568f,1,0,1,0
0x2a6cbfdf49e0fab2620f7f425677695f,1,0,1,0
0x47b2e68b722d5beb0b9e09cfecee3728,1,0,1,0
0x2b024ff7ae22deda6089a5bb57f80199,1,0,1,0
0xc0be196b3f3d657126df9375ca3b774e,1,0,1,0
0xbb41ca2d80c4544dd8a9346d8c250243,1,0,1,0
0xf575fd1ac9a7eccaab250e7b5c7bf0eb,1,0,1,0
0xb7b95cccb6068976ac066758c40717c6,1,0,1,0
0x221aa90d5a3e7a4c94f6475f26b5b084,1,0,1,0
0x5095569dafe97755b1eecbd1871ed83d,1,0,1,0
0xffa3b430fec727be35cb0d7b7be9f1a4,1,0,1,0
0x2c5a0fe3eccef9ef4c6081b861aaf2e9,1,0,1,0
0x175e700a1ceb7bcc93d537072eaa7b7e,1,0,1,0
0x3ed24e048ae1ea6d94d5236b046efd2e,1,0,1,0
0x1d7f59a04e920f627340611e10ac1bda,1,0,1,0
0x934866ca2454ad5ef3f0d8aea1561149,1,0,1,0
0x890c06734dea77ee623a450a6365167,1,0,1,0
0x4235fb6cc18cb181c5035d1a189a45cf,1,0,1,0
0x658f497c92f30d9f1399f4ab36b4b982,1,0,1,0
0x72e0de599030dee74872df0258a5e1c8,1,0,1,0
0xc3cc71b27eba94f1ff64861ef0e9889,1,0,1,0
0x23a1c12074b458f34f2b3c31f3349b3c,1,0,1,0
0x807ff1a008c674e56f4ef82b900a861,1,0,1,0
0xe5dcfb8aec206176ae549d444f728fc6,1,0,1,0
0x2e6e011fdd57b988d2b19c77bf4a91c5,1,0,1,0
0xd007ded131c26c9fa2f6a3e6c205acdd,1,0,1,0
0x888676b2e29e85c86542f54c71f97310,1,0,1,0
0xebf1cacd4a7b930de0b6c333cdbd5d9e,1,0,1,0
0x29f016a60c308a9e429c577827283876,1,0,1,0
0xa6d25e14205365a40ff8de4f53b40892,1,0,1,0
0x7c0c4417a1d885c7d896ede48df3517d,1,0,1,0
0x0,1,0,1,0
0x0,1,0,1,0
0x0,1,0,1,0
0x0,1,0,1,0
0x0,1,0,1,0
0x0,1,0,1,0
0x0,1,0,1,0
0x0,1,0,1,0
0x0,1,0,1,0
0x0,1,0,1,0
0x0,1,0,1,0
0x0,1,0,1,0
0x0,1,0,1,0
0x0,1,0,1,0
0x0,1,0,1,0
0x0,1,0,1,0
0x0,1,0,1,0
0x0,1,0,1,0
0x0,1,0,1,0
0x0,1,0,1,0
0x0,1,0,1,0
0x0,1,0,1,0
0x0,1,0,1,0
0x0,1,0,1,0
0x0,1,0,1,0
0x0,1,0,1,0
0x0,1,0,1,0
0x0,1,0,1,0
0x0,1,0,1,0
0x0,1,0,1,0
0x0,1,0,1,0
0x0,1,0,1,0
0xdfe5a3a5fe45249b8b9f7add2ca738af,1,0,1,0
0x843c218beba98f5973c353575ca42883,1,0,1,0
0xbdc35a6d5ed837f2c57ca751422317c7,1,0,1,0
0xf0cddd79168f8c05a1007313f4a9c42a,1,0,1,0
0x197b745d5cea060f59e71a831634282,1,0,1,0
0xfca87520d9ce5cf3a565080f5f60f0c4,1,0,1,0
0x8347c652bdfdfd77288a65bf193e682b,1,0,1,0
0xf1588a85f38184e936602990f20675e9,1,0,1,0
0xea0eabc6bd0f436c516760f7ce0c164b,1,0,1,0
0xa7df0a3dd15b1a4d0161ca0349f7763c,1,0,1,0
0xf4194626112aed5d6c72c422b19e9d0c,1,0,1,0
0x8c5586da309f1aa8a8bec94bdcc50c20,1,0,1,0
0x2d3c2fdf90977ee384b7eb502a23ed7f,1,0,1,0
0xb763ef4543c790f6716cd98b6ffcc5fb,1,0,1,0
0x517ba8ddca61b179b3ae3f71e28ba4f0,1,0,1,0
0x50b0d1c80f96fd0115c126bf207a97a6,1,0,1,0
0xceabbbd4c60a2102e3e8fac4a3a9901c,1,0,1,0
0xadee2163f318dba1af4fb010efdedf9f,1,0,1,0
0x76a38e3240a4b157de60181dab8d00bc,1,0,1,0
0xe337cbec022be3095608e8e047eedb36,1,0,1,0
0xf93c7e1dff0d0a6fea3f069aae06f67c,1,0,1,0
0x18461faf023ac5971b8af1a732cea9e3,1,0,1,0
0x44602cf966ddb96d99823d8f38137517,1,0,1,0
0xbb3d68d112cc55a6840d968eb19bddd1,1,0,1,0
0x5cdd7fbf01283e4575b3806fb17803d5,1,0,1,0
0xb1aaab642835e2c9841ce4a0ad91803b,1,0,1,0
0x604ed7dc928909c9fe0c8cee670f9f26,1,0,1,0
0x99b6a7fbbeff5fdaf010c5f857044f36,1,0,1,0
0x33871631b99514b711d6f5c7faaddf3b,1,0,1,0
0x5e26e11cf81058080d16a2d010f5f830,1,0,1,0
0xa32cf044d4f75e1d5065844431cab311,1,0,1,0
0xe1c9cbf272318ba6a8e061ce32a038d0,1,0,1,0
0x0,1,0,1,0
0x0,1,0,1,0
0x0,1,0,1,0
0x0,1,0,1,0
0x0,1,0,1,0
0x0,1,0,1,0
0x0,1,0,1,0
0x0,1,0,1,0
0x0,1,0,1,0
0x0,1,0,1,0
0x0,1,0,1,0
0x0,1,0,1,0
0x0,1,0,1,0
0x0,1,0,1,0
0x0,1,0,1,0
0x0,1,0,1,0
0x0,1,0,1,0
0x0,1,0,1,0
0x0,1,0,1,0
0x0,1,0,1,0
0x0,1,0,1,0
0x0,1,0,1,0
0x0,1,0,1,0
0x0,1,0,1,0
0x0,1,0,1,0
0x0,1,0,1,0
0x0,1,0,1,0
0x0,1,0,1,0
0x0,1,0,1,0
0x0,1,0,1,0
0x0,1,0,1,0
0x0,1,0,1,0
0x5cb318d8f96b2fd50328fdfa83c7a0e6,1,0,1,0
0x3171ac342e093808a219c5951d3c610f,1,0,1,0
0xd002277e65902b9fe5931fbeac46a746,1,0,1,0
0xb443eb4ed725007a0eabc7f29fa5abfc,1,0,1,0
0x8b89d9fba99467001077845c78df4d7c,1,0,1,0
0x2b2a7f28ff9c30f407618001fc80e4d0,1,0,1,0
0x2d75eeba7120cfefac9ee38681d23074,1,0,1,0
0xd0a36d62ce38253542c238b3f2fd5765,1,0,1,0
0xdae3828caf8722f586520818cd719feb,1,0,1,0
0xe154132006a52723169a517869839a8f,1,0,1,0
0xf7b37d9ecaa12f351ca2a89ec35c6a8a,1,0,1,0
0x82e5c12e736f0cbe7a057cc473b50fd2,1,0,1,0
0xa6873bbde4dd22b9feff8bf6ecce6ed3,1,0,1,0
0x1733aa299a7a7bf5f62a850275b0dc79,1,0,1,0
0x9dc650a391711029783d848a2a9cc5a1,1,0,1,0
0x943db5465458c16813ff769f2511212e,1,0,1,0
0xe3265b504103efe03c3d1373d169a76,1,0,1,0
0x49cb60936d30848bebc77fd3de8aaf19,1,0,1,0
0xdbd0ff920bedb07721265eac6bbdcf39,1,0,1,0
0xceac0dca86b544b2850b79803edd250a,1,0,1,0
0x66656d1b96f9d71e135d6052a99afa45,1,0,1,0
0x36e5a4b054c45c0575e774a325c03a66,1,0,1,0
0x410b4654552b8d036237fa6264fa383d,1,0,1,0
0x9527fbafdad397446b1af02c066c2869,1,0,1,0
0x496e376b996592f32b52b4a9f6987ebd,1,0,1,0
0xf50a830f096aefbfb7cc8f5bf20ad769,1,0,1,0
0xe6e405794826cea4cc84f09df8c9957f,1,0,1,0
0xaab10c0516626de3dcbd8d114810d2e5,1,0,1,0
0x6bf3cc67067d56b950b03d5630197919,1,0,1,0
0xa9eba43c14baeb8338d5f7480d8c870c,1,0,1,0
0xfaf9c818201bae3738cb1a85103490f4,1,0,1,0
0xddadf8f51f3105b374775511d2ccec10,1,0,1,0