ECPAIR_IS_ACTIVE,ECPAIR_UNALIGNED_PAIRING_DATA_IS_ACTIVE,ECPAIR_UNALIGNED_PAIRING_DATA_INDEX,ECPAIR_UNALIGNED_PAIRING_DATA_INSTANCE_ID,ECPAIR_UNALIGNED_PAIRING_DATA_IS_FIRST_LINE_OF_INSTANCE,ECPAIR_UNALIGNED_PAIRING_DATA_IS_ACCUMULATOR_INIT,ECPAIR_UNALIGNED_PAIRING_DATA_IS_FIRST_LINE_OF_PREV_ACC,ECPAIR_UNALIGNED_PAIRING_DATA_IS_ACCUMULATOR_PREV,ECPAIR_UNALIGNED_PAIRING_DATA_IS_FIRST_LINE_OF_CURR_ACC,ECPAIR_UNALIGNED_PAIRING_DATA_IS_ACCUMULATOR_CURR,ECPAIR_UNALIGNED_PAIRING_DATA_IS_RESULT,ECPAIR_UNALIGNED_PAIRING_DATA_IS_COMPUTED,ECPAIR_UNALIGNED_PAIRING_DATA_IS_PULLING,ECPAIR_UNALIGNED_PAIRING_DATA_PAIR_ID,ECPAIR_UNALIGNED_PAIRING_DATA_TOTAL_PAIRS,ECPAIR_UNALIGNED_PAIRING_DATA_LIMB_0,ECPAIR_UNALIGNED_PAIRING_DATA_LIMB_1,ECPAIR_UNALIGNED_PAIRING_DATA_LIMB_2,ECPAIR_UNALIGNED_PAIRING_DATA_LIMB_3,ECPAIR_UNALIGNED_PAIRING_DATA_LIMB_4,ECPAIR_UNALIGNED_PAIRING_DATA_LIMB_5,ECPAIR_UNALIGNED_PAIRING_DATA_LIMB_6,ECPAIR_UNALIGNED_PAIRING_DATA_LIMB_7,ECPAIR_UNALIGNED_PAIRING_DATA_TO_MILLER_LOOP_CIRCUIT,ECPAIR_UNALIGNED_PAIRING_DATA_TO_FINAL_EXP_CIRCUIT
0x1,0x1,0x0,0x0,0x1,0x1,0x0,0x0,0x0,0x0,0x0,0x1,0x0,0x1,0x2,0x0000,0x0000,0x0000,0x0000,0x0000,0x0000,0x0000,0x0000,0x1,0x0
0x1,0x1,0x1,0x0,0x0,0x1,0x0,0x0,0x0,0x0,0x0,0x1,0x0,0x1,0x2,0x0000,0x0000,0x0000,0x0000,0x0000,0x0000,0x0000,0x0001,0x1,0x0
0x1,0x1,0x2,0x0,0x0,0x1,0x0,0x0,0x0,0x0,0x0,0x1,0x0,0x1,0x2,0x0000,0x0000,0x0000,0x0000,0x0000,0x0000,0x0000,0x0000,0x1,0x0
0x1,0x1,0x3,0x0,0x0,0x1,0x0,0x0,0x0,0x0,0x0,0x1,0x0,0x1,0x2,0x0000,0x0000,0x0000,0x0000,0x0000,0x0000,0x0000,0x0000,0x1,0x0
0x1,0x1,0x4,0x0,0x0,0x1,0x0,0x0,0x0,0x0,0x0,0x1,0x0,0x1,0x2,0x0000,0x0000,0x0000,0x0000,0x0000,0x0000,0x0000,0x0000,0x1,0x0
0x1,0x1,0x5,0x0,0x0,0x1,0x0,0x0,0x0,0x0,0x0,0x1,0x0,0x1,0x2,0x0000,0x0000,0x0000,0x0000,0x0000,0x0000,0x0000,0x0000,0x1,0x0
0x1,0x1,0x6,0x0,0x0,0x1,0x0,0x0,0x0,0x0,0x0,0x1,0x0,0x1,0x2,0x0000,0x0000,0x0000,0x0000,0x0000,0x0000,0x0000,0x0000,0x1,0x0
0x1,0x1,0x7,0x0,0x0,0x1,0x0,0x0,0x0,0x0,0x0,0x1,0x0,0x1,0x2,0x0000,0x0000,0x0000,0x0000,0x0000,0x0000,0x0000,0x0000,0x1,0x0
0x1,0x1,0x8,0x0,0x0,0x1,0x0,0x0,0x0,0x0,0x0,0x1,0x0,0x1,0x2,0x0000,0x0000,0x0000,0x0000,0x0000,0x0000,0x0000,0x0000,0x1,0x0
0x1,0x1,0x9,0x0,0x0,0x1,0x0,0x0,0x0,0x0,0x0,0x1,0x0,0x1,0x2,0x0000,0x0000,0x0000,0x0000,0x0000,0x0000,0x0000,0x0000,0x1,0x0
0x1,0x1,0xa,0x0,0x0,0x1,0x0,0x0,0x0,0x0,0x0,0x1,0x0,0x1,0x2,0x0000,0x0000,0x0000,0x0000,0x0000,0x0000,0x0000,0x0000,0x1,0x0
0x1,0x1,0xb,0x0,0x0,0x1,0x0,0x0,0x0,0x0,0x0,0x1,0x0,0x1,0x2,0x0000,0x0000,0x0000,0x0000,0x0000,0x0000,0x0000,0x0000,0x1,0x0
0x1,0x1,0xc,0x0,0x0,0x1,0x0,0x0,0x0,0x0,0x0,0x1,0x0,0x1,0x2,0x0000,0x0000,0x0000,0x0000,0x0000,0x0000,0x0000,0x0000,0x1,0x0
0x1,0x1,0xd,0x0,0x0,0x1,0x0,0x0,0x0,0x0,0x0,0x1,0x0,0x1,0x2,0x0000,0x0000,0x0000,0x0000,0x0000,0x0000,0x0000,0x0000,0x1,0x0
0x1,0x1,0xe,0x0,0x0,0x1,0x0,0x0,0x0,0x0,0x0,0x1,0x0,0x1,0x2,0x0000,0x0000,0x0000,0x0000,0x0000,0x0000,0x0000,0x0000,0x1,0x0
0x1,0x1,0xf,0x0,0x0,0x1,0x0,0x0,0x0,0x0,0x0,0x1,0x0,0x1,0x2,0x0000,0x0000,0x0000,0x0000,0x0000,0x0000,0x0000,0x0000,0x1,0x0
0x1,0x1,0x10,0x0,0x0,0x1,0x0,0x0,0x0,0x0,0x0,0x1,0x0,0x1,0x2,0x0000,0x0000,0x0000,0x0000,0x0000,0x0000,0x0000,0x0000,0x1,0x0
0x1,0x1,0x11,0x0,0x0,0x1,0x0,0x0,0x0,0x0,0x0,0x1,0x0,0x1,0x2,0x0000,0x0000,0x0000,0x0000,0x0000,0x0000,0x0000,0x0000,0x1,0x0
0x1,0x1,0x12,0x0,0x0,0x1,0x0,0x0,0x0,0x0,0x0,0x1,0x0,0x1,0x2,0x0000,0x0000,0x0000,0x0000,0x0000,0x0000,0x0000,0x0000,0x1,0x0
0x1,0x1,0x13,0x0,0x0,0x1,0x0,0x0,0x0,0x0,0x0,0x1,0x0,0x1,0x2,0x0000,0x0000,0x0000,0x0000,0x0000,0x0000,0x0000,0x0000,0x1,0x0
0x1,0x1,0x14,0x0,0x0,0x1,0x0,0x0,0x0,0x0,0x0,0x1,0x0,0x1,0x2,0x0000,0x0000,0x0000,0x0000,0x0000,0x0000,0x0000,0x0000,0x1,0x0
0x1,0x1,0x15,0x0,0x0,0x1,0x0,0x0,0x0,0x0,0x0,0x1,0x0,0x1,0x2,0x0000,0x0000,0x0000,0x0000,0x0000,0x0000,0x0000,0x0000,0x1,0x0
0x1,0x1,0x16,0x0,0x0,0x1,0x0,0x0,0x0,0x0,0x0,0x1,0x0,0x1,0x2,0x0000,0x0000,0x0000,0x0000,0x0000,0x0000,0x0000,0x0000,0x1,0x0
0x1,0x1,0x17,0x0,0x0,0x1,0x0,0x0,0x0,0x0,0x0,0x1,0x0,0x1,0x2,0x0000,0x0000,0x0000,0x0000,0x0000,0x0000,0x0000,0x0000,0x1,0x0
0x1,0x1,0x18,0x0,0x0,0x0,0x0,0x0,0x0,0x0,0x0,0x0,0x1,0x1,0x2,0x1336,0x4879,0x8163,0x94e3,0x8a2d,0x72bd,0xe23b,0xda93,0x1,0x0
0x1,0x1,0x19,0x0,0x0,0x0,0x0,0x0,0x0,0x0,0x0,0x0,0x1,0x1,0x2,0xcd39,0x885c,0x6bfd,0xedbc,0x45e6,0xbafc,0xfc8f,0xa685,0x1,0x0
0x1,0x1,0x1a,0x0,0x0,0x0,0x0,0x0,0x0,0x0,0x0,0x0,0x1,0x1,0x2,0x0e0e,0x4c9d,0x0374,0x6d28,0x7b34,0x1d52,0x4619,0x46a1,0x1,0x0
0x1,0x1,0x1b,0x0,0x0,0x0,0x0,0x0,0x0,0x0,0x0,0x0,0x1,0x1,0x2,0xc865,0x002c,0x35ba,0x9bd6,0xb789,0xfc26,0xa526,0xd121,0x1,0x0
0x1,0x1,0x1c,0x0,0x0,0x0,0x0,0x0,0x0,0x0,0x0,0x0,0x1,0x1,0x2,0x0e82,0xbe85,0x1433,0x1e94,0x7408,0xa3a2,0x7a54,0xd580,0x1,0x0
0x1,0x1,0x1d,0x0,0x0,0x0,0x0,0x0,0x0,0x0,0x0,0x0,0x1,0x1,0x2,0x9866,0xdb37,0xd74d,0xb5ab,0xc7de,0x8f0d,0x3d0f,0x7ee3,0x1,0x0
0x1,0x1,0x1e,0x0,0x0,0x0,0x0,0x0,0x0,0x0,0x0,0x0,0x1,0x1,0x2,0x0f89,0xc9a7,0xbb2e,0xb941,0x8d2d,0x8931,0x0306,0x196d,0x1,0x0
0x1,0x1,0x1f,0x0,0x0,0x0,0x0,0x0,0x0,0x0,0x0,0x0,0x1,0x1,0x2,0xf1ae,0x8d9d,0xe017,0x3f3e,0x1151,0x487b,0xb515,0x7cd7,0x1,0x0
0x1,0x1,0x20,0x0,0x0,0x0,0x0,0x0,0x0,0x0,0x0,0x0,0x1,0x1,0x2,0x10b3,0x0b99,0x25aa,0xce81,0xdcec,0x2ccc,0xe77c,0x3eea,0x1,0x0
0x1,0x1,0x21,0x0,0x0,0x0,0x0,0x0,0x0,0x0,0x0,0x0,0x1,0x1,0x2,0xa949,0xc366,0xd7cd,0x71a6,0xa674,0x8bcd,0xd996,0xb762,0x1,0x0
0x1,0x1,0x22,0x0,0x0,0x0,0x0,0x0,0x0,0x0,0x0,0x0,0x1,0x1,0x2,0x1149,0x7987,0xc563,0xade2,0x67b3,0xbdfc,0xc9c0,0x4022,0x1,0x0
0x1,0x1,0x23,0x0,0x0,0x0,0x0,0x0,0x0,0x0,0x0,0x0,0x1,0x1,0x2,0x3e25,0x664c,0x3bcd,0xd288,0x58b1,0xdaa7,0xac24,0x9034,0x1,0x0
0x1,0x1,0x24,0x0,0x0,0x0,0x0,0x0,0x1,0x1,0x0,0x1,0x0,0x1,0x2,0x1fc5,0x7e97,0xfc7f,0x579b,0xbc2b,0xa220,0xd9b1,0x0d46,0x1,0x0
0x1,0x1,0x25,0x0,0x0,0x0,0x0,0x0,0x0,0x1,0x0,0x1,0x0,0x1,0x2,0x4c95,0x6276,0x08bd,0xbb02,0x3576,0x2c70,0x4840,0x0f93,0x1,0x0
0x1,0x1,0x26,0x0,0x0,0x0,0x0,0x0,0x0,0x1,0x0,0x1,0x0,0x1,0x2,0x2b43,0x05dc,0xdfcf,0x51d4,0x1a16,0x9cbe,0x7b4e,0x89d4,0x1,0x0
0x1,0x1,0x27,0x0,0x0,0x0,0x0,0x0,0x0,0x1,0x0,0x1,0x0,0x1,0x2,0x59f4,0x578a,0x51cd,0xbe05,0x0925,0xfc0b,0x9312,0xaa86,0x1,0x0
0x1,0x1,0x28,0x0,0x0,0x0,0x0,0x0,0x0,0x1,0x0,0x1,0x0,0x1,0x2,0x1133,0xd6c9,0xd0ca,0xcf4e,0x7cd0,0x3b8a,0xe865,0x4f3b,0x1,0x0
0x1,0x1,0x29,0x0,0x0,0x0,0x0,0x0,0x0,0x1,0x0,0x1,0x0,0x1,0x2,0xfbfc,0x8032,0x3c91,0xc708,0x25d4,0xaa8a,0xccfd,0x77b8,0x1,0x0
0x1,0x1,0x2a,0x0,0x0,0x0,0x0,0x0,0x0,0x1,0x0,0x1,0x0,0x1,0x2,0x2b45,0xce68,0x8738,0xa571,0x621b,0x63db,0xa988,0x0856,0x1,0x0
0x1,0x1,0x2b,0x0,0x0,0x0,0x0,0x0,0x0,0x1,0x0,0x1,0x0,0x1,0x2,0x9dd4,0xff91,0x7cef,0xc257,0xd7cf,0xe3ea,0x571e,0x206a,0x1,0x0
0x1,0x1,0x2c,0x0,0x0,0x0,0x0,0x0,0x0,0x1,0x0,0x1,0x0,0x1,0x2,0x0653,0xb8af,0x0471,0x5827,0x8411,0xdf90,0x2874,0xa82a,0x1,0x0
0x1,0x1,0x2d,0x0,0x0,0x0,0x0,0x0,0x0,0x1,0x0,0x1,0x0,0x1,0x2,0x4012,0x06aa,0xfb12,0xaa7c,0x2d70,0x4f51,0xf115,0xd8c2,0x1,0x0
0x1,0x1,0x2e,0x0,0x0,0x0,0x0,0x0,0x0,0x1,0x0,0x1,0x0,0x1,0x2,0x1373,0xa842,0xceca,0x78f2,0xae07,0x6804,0xf168,0x559c,0x1,0x0
0x1,0x1,0x2f,0x0,0x0,0x0,0x0,0x0,0x0,0x1,0x0,0x1,0x0,0x1,0x2,0x1781,0xcbb3,0x4510,0x85c1,0x166b,0xdadb,0xc7c9,0x2688,0x1,0x0
0x1,0x1,0x30,0x0,0x0,0x0,0x0,0x0,0x0,0x1,0x0,0x1,0x0,0x1,0x2,0x2c8c,0x1f27,0x2129,0xcf6b,0x0866,0xad1d,0x8f3a,0xc818,0x1,0x0
0x1,0x1,0x31,0x0,0x0,0x0,0x0,0x0,0x0,0x1,0x0,0x1,0x0,0x1,0x2,0x2f12,0x833b,0xfd8a,0x1711,0xd794,0x7461,0x7766,0x99df,0x1,0x0
0x1,0x1,0x32,0x0,0x0,0x0,0x0,0x0,0x0,0x1,0x0,0x1,0x0,0x1,0x2,0x16e1,0x0599,0xcfcd,0x3537,0xd808,0xd197,0xce64,0xc2c5,0x1,0x0
0x1,0x1,0x33,0x0,0x0,0x0,0x0,0x0,0x0,0x1,0x0,0x1,0x0,0x1,0x2,0x0daf,0x005b,0x2c0b,0xe94b,0x08c5,0x2e30,0xacfb,0x098e,0x1,0x0
0x1,0x1,0x34,0x0,0x0,0x0,0x0,0x0,0x0,0x1,0x0,0x1,0x0,0x1,0x2,0x0d5d,0x04cf,0xad42,0x6760,0xd901,0x9d3d,0x15b9,0x8aee,0x1,0x0
0x1,0x1,0x35,0x0,0x0,0x0,0x0,0x0,0x0,0x1,0x0,0x1,0x0,0x1,0x2,0x8c37,0xf28a,0x10bb,0x3cfa,0x2f39,0x7150,0x5c77,0xdb23,0x1,0x0
0x1,0x1,0x36,0x0,0x0,0x0,0x0,0x0,0x0,0x1,0x0,0x1,0x0,0x1,0x2,0x22af,0x99c5,0x2785,0x193a,0xa892,0x0826,0xc0d9,0x6380,0x1,0x0
0x1,0x1,0x37,0x0,0x0,0x0,0x0,0x0,0x0,0x1,0x0,0x1,0x0,0x1,0x2,0xe821,0x3976,0xbbba,0xb279,0x22a2,0xcd8c,0x8fe4,0xadeb,0x1,0x0
0x1,0x1,0x38,0x0,0x0,0x0,0x0,0x0,0x0,0x1,0x0,0x1,0x0,0x1,0x2,0x0a63,0x56a8,0xa0ca,0xaec7,0xd1a2,0x8661,0xb990,0xa20b,0x1,0x0
0x1,0x1,0x39,0x0,0x0,0x0,0x0,0x0,0x0,0x1,0x0,0x1,0x0,0x1,0x2,0x0217,0xf227,0xc48e,0x2682,0x6136,0x93d3,0xafb8,0x231e,0x1,0x0
0x1,0x1,0x3a,0x0,0x0,0x0,0x0,0x0,0x0,0x1,0x0,0x1,0x0,0x1,0x2,0x0564,0x1ef4,0xd251,0xe874,0x84af,0xef7c,0xae87,0x6258,0x1,0x0
0x1,0x1,0x3b,0x0,0x0,0x0,0x0,0x0,0x0,0x1,0x0,0x1,0x0,0x1,0x2,0xc199,0xd855,0x3a68,0xa940,0x8d26,0x03bd,0x9ff2,0x9c36,0x1,0x0
0x1,0x1,0x3c,0x0,0x0,0x0,0x1,0x1,0x0,0x0,0x0,0x1,0x0,0x2,0x2,0x1fc5,0x7e97,0xfc7f,0x579b,0xbc2b,0xa220,0xd9b1,0x0d46,0x0,0x1
0x1,0x1,0x3d,0x0,0x0,0x0,0x0,0x1,0x0,0x0,0x0,0x1,0x0,0x2,0x2,0x4c95,0x6276,0x08bd,0xbb02,0x3576,0x2c70,0x4840,0x0f93,0x0,0x1
0x1,0x1,0x3e,0x0,0x0,0x0,0x0,0x1,0x0,0x0,0x0,0x1,0x0,0x2,0x2,0x2b43,0x05dc,0xdfcf,0x51d4,0x1a16,0x9cbe,0x7b4e,0x89d4,0x0,0x1
0x1,0x1,0x3f,0x0,0x0,0x0,0x0,0x1,0x0,0x0,0x0,0x1,0x0,0x2,0x2,0x59f4,0x578a,0x51cd,0xbe05,0x0925,0xfc0b,0x9312,0xaa86,0x0,0x1
0x1,0x1,0x40,0x0,0x0,0x0,0x0,0x1,0x0,0x0,0x0,0x1,0x0,0x2,0x2,0x1133,0xd6c9,0xd0ca,0xcf4e,0x7cd0,0x3b8a,0xe865,0x4f3b,0x0,0x1
0x1,0x1,0x41,0x0,0x0,0x0,0x0,0x1,0x0,0x0,0x0,0x1,0x0,0x2,0x2,0xfbfc,0x8032,0x3c91,0xc708,0x25d4,0xaa8a,0xccfd,0x77b8,0x0,0x1
0x1,0x1,0x42,0x0,0x0,0x0,0x0,0x1,0x0,0x0,0x0,0x1,0x0,0x2,0x2,0x2b45,0xce68,0x8738,0xa571,0x621b,0x63db,0xa988,0x0856,0x0,0x1
0x1,0x1,0x43,0x0,0x0,0x0,0x0,0x1,0x0,0x0,0x0,0x1,0x0,0x2,0x2,0x9dd4,0xff91,0x7cef,0xc257,0xd7cf,0xe3ea,0x571e,0x206a,0x0,0x1
0x1,0x1,0x44,0x0,0x0,0x0,0x0,0x1,0x0,0x0,0x0,0x1,0x0,0x2,0x2,0x0653,0xb8af,0x0471,0x5827,0x8411,0xdf90,0x2874,0xa82a,0x0,0x1
0x1,0x1,0x45,0x0,0x0,0x0,0x0,0x1,0x0,0x0,0x0,0x1,0x0,0x2,0x2,0x4012,0x06aa,0xfb12,0xaa7c,0x2d70,0x4f51,0xf115,0xd8c2,0x0,0x1
0x1,0x1,0x46,0x0,0x0,0x0,0x0,0x1,0x0,0x0,0x0,0x1,0x0,0x2,0x2,0x1373,0xa842,0xceca,0x78f2,0xae07,0x6804,0xf168,0x559c,0x0,0x1
0x1,0x1,0x47,0x0,0x0,0x0,0x0,0x1,0x0,0x0,0x0,0x1,0x0,0x2,0x2,0x1781,0xcbb3,0x4510,0x85c1,0x166b,0xdadb,0xc7c9,0x2688,0x0,0x1
0x1,0x1,0x48,0x0,0x0,0x0,0x0,0x1,0x0,0x0,0x0,0x1,0x0,0x2,0x2,0x2c8c,0x1f27,0x2129,0xcf6b,0x0866,0xad1d,0x8f3a,0xc818,0x0,0x1
0x1,0x1,0x49,0x0,0x0,0x0,0x0,0x1,0x0,0x0,0x0,0x1,0x0,0x2,0x2,0x2f12,0x833b,0xfd8a,0x1711,0xd794,0x7461,0x7766,0x99df,0x0,0x1
0x1,0x1,0x4a,0x0,0x0,0x0,0x0,0x1,0x0,0x0,0x0,0x1,0x0,0x2,0x2,0x16e1,0x0599,0xcfcd,0x3537,0xd808,0xd197,0xce64,0xc2c5,0x0,0x1
0x1,0x1,0x4b,0x0,0x0,0x0,0x0,0x1,0x0,0x0,0x0,0x1,0x0,0x2,0x2,0x0daf,0x005b,0x2c0b,0xe94b,0x08c5,0x2e30,0xacfb,0x098e,0x0,0x1
0x1,0x1,0x4c,0x0,0x0,0x0,0x0,0x1,0x0,0x0,0x0,0x1,0x0,0x2,0x2,0x0d5d,0x04cf,0xad42,0x6760,0xd901,0x9d3d,0x15b9,0x8aee,0x0,0x1
0x1,0x1,0x4d,0x0,0x0,0x0,0x0,0x1,0x0,0x0,0x0,0x1,0x0,0x2,0x2,0x8c37,0xf28a,0x10bb,0x3cfa,0x2f39,0x7150,0x5c77,0xdb23,0x0,0x1
0x1,0x1,0x4e,0x0,0x0,0x0,0x0,0x1,0x0,0x0,0x0,0x1,0x0,0x2,0x2,0x22af,0x99c5,0x2785,0x193a,0xa892,0x0826,0xc0d9,0x6380,0x0,0x1
0x1,0x1,0x4f,0x0,0x0,0x0,0x0,0x1,0x0,0x0,0x0,0x1,0x0,0x2,0x2,0xe821,0x3976,0xbbba,0xb279,0x22a2,0xcd8c,0x8fe4,0xadeb,0x0,0x1
0x1,0x1,0x50,0x0,0x0,0x0,0x0,0x1,0x0,0x0,0x0,0x1,0x0,0x2,0x2,0x0a63,0x56a8,0xa0ca,0xaec7,0xd1a2,0x8661,0xb990,0xa20b,0x0,0x1
0x1,0x1,0x51,0x0,0x0,0x0,0x0,0x1,0x0,0x0,0x0,0x1,0x0,0x2,0x2,0x0217,0xf227,0xc48e,0x2682,0x6136,0x93d3,0xafb8,0x231e,0x0,0x1
0x1,0x1,0x52,0x0,0x0,0x0,0x0,0x1,0x0,0x0,0x0,0x1,0x0,0x2,0x2,0x0564,0x1ef4,0xd251,0xe874,0x84af,0xef7c,0xae87,0x6258,0x0,0x1
0x1,0x1,0x53,0x0,0x0,0x0,0x0,0x1,0x0,0x0,0x0,0x1,0x0,0x2,0x2,0xc199,0xd855,0x3a68,0xa940,0x8d26,0x03bd,0x9ff2,0x9c36,0x0,0x1
0x1,0x1,0x54,0x0,0x0,0x0,0x0,0x0,0x0,0x0,0x0,0x0,0x1,0x2,0x2,0x0b96,0x24a6,0x2e11,0x5247,0x146d,0x4643,0xe8d4,0xdaf0,0x0,0x1
0x1,0x1,0x55,0x0,0x0,0x0,0x0,0x0,0x0,0x0,0x0,0x0,0x1,0x2,0x2,0x7ff1,0x8000,0x0fcf,0x9f02,0xc84c,0xc569,0x2b2c,0x0526,0x0,0x1
0x1,0x1,0x56,0x0,0x0,0x0,0x0,0x0,0x0,0x0,0x0,0x0,0x1,0x2,0x2,0x1cb9,0x908c,0x06bf,0x3099,0xf153,0x8277,0x102b,0x31e3,0x0,0x1
0x1,0x1,0x57,0x0,0x0,0x0,0x0,0x0,0x0,0x0,0x0,0x0,0x1,0x2,0x2,0x1d02,0x2dc6,0x4770,0xbc13,0x0df1,0x4dae,0xf728,0x30e4,0x0,0x1
0x1,0x1,0x58,0x0,0x0,0x0,0x0,0x0,0x0,0x0,0x0,0x0,0x1,0x2,0x2,0x2977,0x858b,0x214a,0x3cb4,0x3fa4,0x0249,0x76dd,0x1675,0x0,0x1
0x1,0x1,0x59,0x0,0x0,0x0,0x0,0x0,0x0,0x0,0x0,0x0,0x1,0x2,0x2,0x9b1b,0xf536,0x7e63,0x18da,0x3545,0xe697,0xb993,0x1671,0x0,0x1
0x1,0x1,0x5a,0x0,0x0,0x0,0x0,0x0,0x0,0x0,0x0,0x0,0x1,0x2,0x2,0x06fc,0xfd4b,0x9ca0,0x3fb1,0x45ff,0x273e,0x480e,0xfda3,0x0,0x1
0x1,0x1,0x5b,0x0,0x0,0x0,0x0,0x0,0x0,0x0,0x0,0x0,0x1,0x2,0x2,0xc8a7,0xaef6,0x4882,0xefcb,0xd892,0x0b44,0x58e1,0xef3d,0x0,0x1
0x1,0x1,0x5c,0x0,0x0,0x0,0x0,0x0,0x0,0x0,0x0,0x0,0x1,0x2,0x2,0x2815,0x0832,0x6108,0x3097,0x78f9,0xcdf9,0xc39a,0x4c4d,0x0,0x1
0x1,0x1,0x5d,0x0,0x0,0x0,0x0,0x0,0x0,0x0,0x0,0x0,0x1,0x2,0x2,0xc90a,0x405c,0x0cfb,0xfd5d,0x20fe,0xc4e4,0x7acc,0xe66f,0x0,0x1
0x1,0x1,0x5e,0x0,0x0,0x0,0x0,0x0,0x0,0x0,0x0,0x0,0x1,0x2,0x2,0x10d2,0x4b6f,0x0b87,0xc1e3,0xf78b,0x80b9,0x67ba,0xc765,0x0,0x1
0x1,0x1,0x5f,0x0,0x0,0x0,0x0,0x0,0x0,0x0,0x0,0x0,0x1,0x2,0x2,0x763f,0x38c5,0x3a43,0x77e9,0xa97e,0x2761,0x758a,0x92f1,0x0,0x1
0x1,0x1,0x60,0x0,0x0,0x0,0x0,0x0,0x0,0x0,0x1,0x0,0x1,0x0,0x2,0x0000,0x0000,0x0000,0x0000,0x0000,0x0000,0x0000,0x0000,0x0,0x1
0x1,0x1,0x61,0x0,0x0,0x0,0x0,0x0,0x0,0x0,0x1,0x0,0x1,0x0,0x2,0x0000,0x0000,0x0000,0x0000,0x0000,0x0000,0x0000,0x0001,0x0,0x1
0x1,0x1,0x0,0x1,0x1,0x1,0x0,0x0,0x0,0x0,0x0,0x1,0x0,0x1,0x2,0x0000,0x0000,0x0000,0x0000,0x0000,0x0000,0x0000,0x0000,0x1,0x0
0x1,0x1,0x1,0x1,0x0,0x1,0x0,0x0,0x0,0x0,0x0,0x1,0x0,0x1,0x2,0x0000,0x0000,0x0000,0x0000,0x0000,0x0000,0x0000,0x0001,0x1,0x0
0x1,0x1,0x2,0x1,0x0,0x1,0x0,0x0,0x0,0x0,0x0,0x1,0x0,0x1,0x2,0x0000,0x0000,0x0000,0x0000,0x0000,0x0000,0x0000,0x0000,0x1,0x0
0x1,0x1,0x3,0x1,0x0,0x1,0x0,0x0,0x0,0x0,0x0,0x1,0x0,0x1,0x2,0x0000,0x0000,0x0000,0x0000,0x0000,0x0000,0x0000,0x0000,0x1,0x0
0x1,0x1,0x4,0x1,0x0,0x1,0x0,0x0,0x0,0x0,0x0,0x1,0x0,0x1,0x2,0x0000,0x0000,0x0000,0x0000,0x0000,0x0000,0x0000,0x0000,0x1,0x0
0x1,0x1,0x5,0x1,0x0,0x1,0x0,0x0,0x0,0x0,0x0,0x1,0x0,0x1,0x2,0x0000,0x0000,0x0000,0x0000,0x0000,0x0000,0x0000,0x0000,0x1,0x0
0x1,0x1,0x6,0x1,0x0,0x1,0x0,0x0,0x0,0x0,0x0,0x1,0x0,0x1,0x2,0x0000,0x0000,0x0000,0x0000,0x0000,0x0000,0x0000,0x0000,0x1,0x0
0x1,0x1,0x7,0x1,0x0,0x1,0x0,0x0,0x0,0x0,0x0,0x1,0x0,0x1,0x2,0x0000,0x0000,0x0000,0x0000,0x0000,0x0000,0x0000,0x0000,0x1,0x0
0x1,0x1,0x8,0x1,0x0,0x1,0x0,0x0,0x0,0x0,0x0,0x1,0x0,0x1,0x2,0x0000,0x0000,0x0000,0x0000,0x0000,0x0000,0x0000,0x0000,0x1,0x0
0x1,0x1,0x9,0x1,0x0,0x1,0x0,0x0,0x0,0x0,0x0,0x1,0x0,0x1,0x2,0x0000,0x0000,0x0000,0x0000,0x0000,0x0000,0x0000,0x0000,0x1,0x0
0x1,0x1,0xa,0x1,0x0,0x1,0x0,0x0,0x0,0x0,0x0,0x1,0x0,0x1,0x2,0x0000,0x0000,0x0000,0x0000,0x0000,0x0000,0x0000,0x0000,0x1,0x0
0x1,0x1,0xb,0x1,0x0,0x1,0x0,0x0,0x0,0x0,0x0,0x1,0x0,0x1,0x2,0x0000,0x0000,0x0000,0x0000,0x0000,0x0000,0x0000,0x0000,0x1,0x0
0x1,0x1,0xc,0x1,0x0,0x1,0x0,0x0,0x0,0x0,0x0,0x1,0x0,0x1,0x2,0x0000,0x0000,0x0000,0x0000,0x0000,0x0000,0x0000,0x0000,0x1,0x0
0x1,0x1,0xd,0x1,0x0,0x1,0x0,0x0,0x0,0x0,0x0,0x1,0x0,0x1,0x2,0x0000,0x0000,0x0000,0x0000,0x0000,0x0000,0x0000,0x0000,0x1,0x0
0x1,0x1,0xe,0x1,0x0,0x1,0x0,0x0,0x0,0x0,0x0,0x1,0x0,0x1,0x2,0x0000,0x0000,0x0000,0x0000,0x0000,0x0000,0x0000,0x0000,0x1,0x0
0x1,0x1,0xf,0x1,0x0,0x1,0x0,0x0,0x0,0x0,0x0,0x1,0x0,0x1,0x2,0x0000,0x0000,0x0000,0x0000,0x0000,0x0000,0x0000,0x0000,0x1,0x0
0x1,0x1,0x10,0x1,0x0,0x1,0x0,0x0,0x0,0x0,0x0,0x1,0x0,0x1,0x2,0x0000,0x0000,0x0000,0x0000,0x0000,0x0000,0x0000,0x0000,0x1,0x0
0x1,0x1,0x11,0x1,0x0,0x1,0x0,0x0,0x0,0x0,0x0,0x1,0x0,0x1,0x2,0x0000,0x0000,0x0000,0x0000,0x0000,0x0000,0x0000,0x0000,0x1,0x0
0x1,0x1,0x12,0x1,0x0,0x1,0x0,0x0,0x0,0x0,0x0,0x1,0x0,0x1,0x2,0x0000,0x0000,0x0000,0x0000,0x0000,0x0000,0x0000,0x0000,0x1,0x0
0x1,0x1,0x13,0x1,0x0,0x1,0x0,0x0,0x0,0x0,0x0,0x1,0x0,0x1,0x2,0x0000,0x0000,0x0000,0x0000,0x0000,0x0000,0x0000,0x0000,0x1,0x0
0x1,0x1,0x14,0x1,0x0,0x1,0x0,0x0,0x0,0x0,0x0,0x1,0x0,0x1,0x2,0x0000,0x0000,0x0000,0x0000,0x0000,0x0000,0x0000,0x0000,0x1,0x0
0x1,0x1,0x15,0x1,0x0,0x1,0x0,0x0,0x0,0x0,0x0,0x1,0x0,0x1,0x2,0x0000,0x0000,0x0000,0x0000,0x0000,0x0000,0x0000,0x0000,0x1,0x0
0x1,0x1,0x16,0x1,0x0,0x1,0x0,0x0,0x0,0x0,0x0,0x1,0x0,0x1,0x2,0x0000,0x0000,0x0000,0x0000,0x0000,0x0000,0x0000,0x0000,0x1,0x0
0x1,0x1,0x17,0x1,0x0,0x1,0x0,0x0,0x0,0x0,0x0,0x1,0x0,0x1,0x2,0x0000,0x0000,0x0000,0x0000,0x0000,0x0000,0x0000,0x0000,0x1,0x0
0x1,0x1,0x18,0x1,0x0,0x0,0x0,0x0,0x0,0x0,0x0,0x0,0x1,0x1,0x2,0x0b96,0x24a6,0x2e11,0x5247,0x146d,0x4643,0xe8d4,0xdaf0,0x1,0x0
0x1,0x1,0x19,0x1,0x0,0x0,0x0,0x0,0x0,0x0,0x0,0x0,0x1,0x1,0x2,0x7ff1,0x8000,0x0fcf,0x9f02,0xc84c,0xc569,0x2b2c,0x0526,0x1,0x0
0x1,0x1,0x1a,0x1,0x0,0x0,0x0,0x0,0x0,0x0,0x0,0x0,0x1,0x1,0x2,0x13aa,0xbde6,0xda72,0x6f8f,0xc6fc,0xc33f,0x7156,0x267a,0x1,0x0
0x1,0x1,0x1b,0x1,0x0,0x0,0x0,0x0,0x0,0x0,0x0,0x0,0x1,0x1,0x2,0x7a7f,0x3ccb,0x2101,0x0e7a,0x2e2f,0x3e67,0xe154,0xcc63,0x1,0x0
0x1,0x1,0x1c,0x1,0x0,0x0,0x0,0x0,0x0,0x0,0x0,0x0,0x1,0x1,0x2,0x0e82,0xbe85,0x1433,0x1e94,0x7408,0xa3a2,0x7a54,0xd580,0x1,0x0
0x1,0x1,0x1d,0x1,0x0,0x0,0x0,0x0,0x0,0x0,0x0,0x0,0x1,0x1,0x2,0x9866,0xdb37,0xd74d,0xb5ab,0xc7de,0x8f0d,0x3d0f,0x7ee3,0x1,0x0
0x1,0x1,0x1e,0x1,0x0,0x0,0x0,0x0,0x0,0x0,0x0,0x0,0x1,0x1,0x2,0x0f89,0xc9a7,0xbb2e,0xb941,0x8d2d,0x8931,0x0306,0x196d,0x1,0x0
0x1,0x1,0x1f,0x1,0x0,0x0,0x0,0x0,0x0,0x0,0x0,0x0,0x1,0x1,0x2,0xf1ae,0x8d9d,0xe017,0x3f3e,0x1151,0x487b,0xb515,0x7cd7,0x1,0x0
0x1,0x1,0x20,0x1,0x0,0x0,0x0,0x0,0x0,0x0,0x0,0x0,0x1,0x1,0x2,0x10b3,0x0b99,0x25aa,0xce81,0xdcec,0x2ccc,0xe77c,0x3eea,0x1,0x0
0x1,0x1,0x21,0x1,0x0,0x0,0x0,0x0,0x0,0x0,0x0,0x0,0x1,0x1,0x2,0xa949,0xc366,0xd7cd,0x71a6,0xa674,0x8bcd,0xd996,0xb762,0x1,0x0
0x1,0x1,0x22,0x1,0x0,0x0,0x0,0x0,0x0,0x0,0x0,0x0,0x1,0x1,0x2,0x1149,0x7987,0xc563,0xade2,0x67b3,0xbdfc,0xc9c0,0x4022,0x1,0x0
0x1,0x1,0x23,0x1,0x0,0x0,0x0,0x0,0x0,0x0,0x0,0x0,0x1,0x1,0x2,0x3e25,0x664c,0x3bcd,0xd288,0x58b1,0xdaa7,0xac24,0x9034,0x1,0x0
0x1,0x1,0x24,0x1,0x0,0x0,0x0,0x0,0x1,0x1,0x0,0x1,0x0,0x1,0x2,0x1d98,0x6c08,0x62b8,0x0ece,0x8d23,0x1a38,0x3cb7,0x3943,0x1,0x0
0x1,0x1,0x25,0x1,0x0,0x0,0x0,0x0,0x0,0x1,0x0,0x1,0x0,0x1,0x2,0x3dbb,0xc877,0x0d85,0xf058,0x4f6d,0xc868,0x7562,0x4cea,0x1,0x0
0x1,0x1,0x26,0x1,0x0,0x0,0x0,0x0,0x0,0x1,0x0,0x1,0x0,0x1,0x2,0x03c5,0x1f80,0x72e2,0xa8a0,0x7f6a,0x06f5,0x088e,0x9ab2,0x1,0x0
0x1,0x1,0x27,0x1,0x0,0x0,0x0,0x0,0x0,0x1,0x0,0x1,0x0,0x1,0x2,0xdbc1,0x06c8,0x33cd,0x19df,0xfcb9,0xe107,0x3ec1,0x805c,0x1,0x0
0x1,0x1,0x28,0x1,0x0,0x0,0x0,0x0,0x0,0x1,0x0,0x1,0x0,0x1,0x2,0x24ef,0x3033,0x1e45,0xaaca,0xa2c0,0xdb50,0x3198,0x129d,0x1,0x0
0x1,0x1,0x29,0x1,0x0,0x0,0x0,0x0,0x0,0x1,0x0,0x1,0x0,0x1,0x2,0x0698,0xda94,0x3542,0xb3b2,0x6946,0xe11a,0x08dc,0x6144,0x1,0x0
0x1,0x1,0x2a,0x1,0x0,0x0,0x0,0x0,0x0,0x1,0x0,0x1,0x0,0x1,0x2,0x229b,0xffee,0xc7ca,0xe24f,0x754f,0x3353,0x492e,0x06b7,0x1,0x0
0x1,0x1,0x2b,0x1,0x0,0x0,0x0,0x0,0x0,0x1,0x0,0x1,0x0,0x1,0x2,0x38b7,0x714e,0xd0c3,0x2e48,0xe7af,0xaf62,0xa4ef,0xa110,0x1,0x0
0x1,0x1,0x2c,0x1,0x0,0x0,0x0,0x0,0x0,0x1,0x0,0x1,0x0,0x1,0x2,0x10bc,0x1cc6,0xe37e,0x745f,0xaa3e,0xd918,0xcc36,0xedc9,0x1,0x0
0x1,0x1,0x2d,0x1,0x0,0x0,0x0,0x0,0x0,0x1,0x0,0x1,0x0,0x1,0x2,0x21ed,0xc644,0x688a,0x0705,0x476f,0x795d,0x39af,0x8b66,0x1,0x0
0x1,0x1,0x2e,0x1,0x0,0x0,0x0,0x0,0x0,0x1,0x0,0x1,0x0,0x1,0x2,0x2adc,0xf726,0xeec4,0xf689,0x95c3,0x207f,0x92ae,0xa375,0x1,0x0
0x1,0x1,0x2f,0x1,0x0,0x0,0x0,0x0,0x0,0x1,0x0,0x1,0x0,0x1,0x2,0xfcd1,0x3ed4,0xfe7b,0x43ad,0x6157,0x3568,0x0a44,0x85e7,0x1,0x0
0x1,0x1,0x30,0x1,0x0,0x0,0x0,0x0,0x0,0x1,0x0,0x1,0x0,0x1,0x2,0x1f0e,0x7e77,0x5eef,0xc2a5,0x6729,0x28b4,0xefc2,0xc508,0x1,0x0
0x1,0x1,0x31,0x1,0x0,0x0,0x0,0x0,0x0,0x1,0x0,0x1,0x0,0x1,0x2,0xd1b9,0x5220,0x23a1,0x1050,0x2722,0x0223,0x481c,0xad5e,0x1,0x0
0x1,0x1,0x32,0x1,0x0,0x0,0x0,0x0,0x0,0x1,0x0,0x1,0x0,0x1,0x2,0x2414,0x01f8,0x05f0,0x60cf,0x5e55,0xb76d,0x0a1d,0x9703,0x1,0x0
0x1,0x1,0x33,0x1,0x0,0x0,0x0,0x0,0x0,0x1,0x0,0x1,0x0,0x1,0x2,0x623d,0x8250,0xa842,0x88f9,0xa9d6,0xb32e,0x4a79,0xab25,0x1,0x0
0x1,0x1,0x34,0x1,0x0,0x0,0x0,0x0,0x0,0x1,0x0,0x1,0x0,0x1,0x2,0x2aef,0xa1de,0x34a5,0x4b19,0x496a,0xc527,0x5508,0x23fc,0x1,0x0
0x1,0x1,0x35,0x1,0x0,0x0,0x0,0x0,0x0,0x1,0x0,0x1,0x0,0x1,0x2,0x4b74,0x2adb,0xe4a5,0xe836,0xb5a4,0xc3c6,0x01d7,0x21be,0x1,0x0
0x1,0x1,0x36,0x1,0x0,0x0,0x0,0x0,0x0,0x1,0x0,0x1,0x0,0x1,0x2,0x2fee,0xac40,0x9526,0x7db7,0x03b6,0x02ff,0x985f,0xc423,0x1,0x0
0x1,0x1,0x37,0x1,0x0,0x0,0x0,0x0,0x0,0x1,0x0,0x1,0x0,0x1,0x2,0x0235,0xe6c1,0x1ea9,0x8a28,0xc6a3,0x4a72,0xc6ee,0x2ddc,0x1,0x0
0x1,0x1,0x38,0x1,0x0,0x0,0x0,0x0,0x0,0x1,0x0,0x1,0x0,0x1,0x2,0x1d75,0xdcc7,0x9d6d,0xdd43,0x5182,0xca5d,0xe996,0x35c0,0x1,0x0
0x1,0x1,0x39,0x1,0x0,0x0,0x0,0x0,0x0,0x1,0x0,0x1,0x0,0x1,0x2,0x212f,0x3e7e,0x80bd,0xfa69,0x8ac7,0x2500,0x5f8d,0xae63,0x1,0x0
0x1,0x1,0x3a,0x1,0x0,0x0,0x0,0x0,0x0,0x1,0x0,0x1,0x0,0x1,0x2,0x05ae,0xef8c,0x0490,0xc835,0x6ffd,0xd491,0x3155,0xeb21,0x1,0x0
0x1,0x1,0x3b,0x1,0x0,0x0,0x0,0x0,0x0,0x1,0x0,0x1,0x0,0x1,0x2,0xd66a,0x1367,0xa4c8,0xc3f6,0xc041,0xb422,0x7c1b,0xf352,0x1,0x0
0x1,0x1,0x3c,0x1,0x0,0x0,0x1,0x1,0x0,0x0,0x0,0x1,0x0,0x2,0x2,0x1d98,0x6c08,0x62b8,0x0ece,0x8d23,0x1a38,0x3cb7,0x3943,0x0,0x1
0x1,0x1,0x3d,0x1,0x0,0x0,0x0,0x1,0x0,0x0,0x0,0x1,0x0,0x2,0x2,0x3dbb,0xc877,0x0d85,0xf058,0x4f6d,0xc868,0x7562,0x4cea,0x0,0x1
0x1,0x1,0x3e,0x1,0x0,0x0,0x0,0x1,0x0,0x0,0x0,0x1,0x0,0x2,0x2,0x03c5,0x1f80,0x72e2,0xa8a0,0x7f6a,0x06f5,0x088e,0x9ab2,0x0,0x1
0x1,0x1,0x3f,0x1,0x0,0x0,0x0,0x1,0x0,0x0,0x0,0x1,0x0,0x2,0x2,0xdbc1,0x06c8,0x33cd,0x19df,0xfcb9,0xe107,0x3ec1,0x805c,0x0,0x1
0x1,0x1,0x40,0x1,0x0,0x0,0x0,0x1,0x0,0x0,0x0,0x1,0x0,0x2,0x2,0x24ef,0x3033,0x1e45,0xaaca,0xa2c0,0xdb50,0x3198,0x129d,0x0,0x1
0x1,0x1,0x41,0x1,0x0,0x0,0x0,0x1,0x0,0x0,0x0,0x1,0x0,0x2,0x2,0x0698,0xda94,0x3542,0xb3b2,0x6946,0xe11a,0x08dc,0x6144,0x0,0x1
0x1,0x1,0x42,0x1,0x0,0x0,0x0,0x1,0x0,0x0,0x0,0x1,0x0,0x2,0x2,0x229b,0xffee,0xc7ca,0xe24f,0x754f,0x3353,0x492e,0x06b7,0x0,0x1
0x1,0x1,0x43,0x1,0x0,0x0,0x0,0x1,0x0,0x0,0x0,0x1,0x0,0x2,0x2,0x38b7,0x714e,0xd0c3,0x2e48,0xe7af,0xaf62,0xa4ef,0xa110,0x0,0x1
0x1,0x1,0x44,0x1,0x0,0x0,0x0,0x1,0x0,0x0,0x0,0x1,0x0,0x2,0x2,0x10bc,0x1cc6,0xe37e,0x745f,0xaa3e,0xd918,0xcc36,0xedc9,0x0,0x1
0x1,0x1,0x45,0x1,0x0,0x0,0x0,0x1,0x0,0x0,0x0,0x1,0x0,0x2,0x2,0x21ed,0xc644,0x688a,0x0705,0x476f,0x795d,0x39af,0x8b66,0x0,0x1
0x1,0x1,0x46,0x1,0x0,0x0,0x0,0x1,0x0,0x0,0x0,0x1,0x0,0x2,0x2,0x2adc,0xf726,0xeec4,0xf689,0x95c3,0x207f,0x92ae,0xa375,0x0,0x1
0x1,0x1,0x47,0x1,0x0,0x0,0x0,0x1,0x0,0x0,0x0,0x1,0x0,0x2,0x2,0xfcd1,0x3ed4,0xfe7b,0x43ad,0x6157,0x3568,0x0a44,0x85e7,0x0,0x1
0x1,0x1,0x48,0x1,0x0,0x0,0x0,0x1,0x0,0x0,0x0,0x1,0x0,0x2,0x2,0x1f0e,0x7e77,0x5eef,0xc2a5,0x6729,0x28b4,0xefc2,0xc508,0x0,0x1
0x1,0x1,0x49,0x1,0x0,0x0,0x0,0x1,0x0,0x0,0x0,0x1,0x0,0x2,0x2,0xd1b9,0x5220,0x23a1,0x1050,0x2722,0x0223,0x481c,0xad5e,0x0,0x1
0x1,0x1,0x4a,0x1,0x0,0x0,0x0,0x1,0x0,0x0,0x0,0x1,0x0,0x2,0x2,0x2414,0x01f8,0x05f0,0x60cf,0x5e55,0xb76d,0x0a1d,0x9703,0x0,0x1
0x1,0x1,0x4b,0x1,0x0,0x0,0x0,0x1,0x0,0x0,0x0,0x1,0x0,0x2,0x2,0x623d,0x8250,0xa842,0x88f9,0xa9d6,0xb32e,0x4a79,0xab25,0x0,0x1
0x1,0x1,0x4c,0x1,0x0,0x0,0x0,0x1,0x0,0x0,0x0,0x1,0x0,0x2,0x2,0x2aef,0xa1de,0x34a5,0x4b19,0x496a,0xc527,0x5508,0x23fc,0x0,0x1
0x1,0x1,0x4d,0x1,0x0,0x0,0x0,0x1,0x0,0x0,0x0,0x1,0x0,0x2,0x2,0x4b74,0x2adb,0xe4a5,0xe836,0xb5a4,0xc3c6,0x01d7,0x21be,0x0,0x1
0x1,0x1,0x4e,0x1,0x0,0x0,0x0,0x1,0x0,0x0,0x0,0x1,0x0,0x2,0x2,0x2fee,0xac40,0x9526,0x7db7,0x03b6,0x02ff,0x985f,0xc423,0x0,0x1
0x1,0x1,0x4f,0x1,0x0,0x0,0x0,0x1,0x0,0x0,0x0,0x1,0x0,0x2,0x2,0x0235,0xe6c1,0x1ea9,0x8a28,0xc6a3,0x4a72,0xc6ee,0x2ddc,0x0,0x1
0x1,0x1,0x50,0x1,0x0,0x0,0x0,0x1,0x0,0x0,0x0,0x1,0x0,0x2,0x2,0x1d75,0xdcc7,0x9d6d,0xdd43,0x5182,0xca5d,0xe996,0x35c0,0x0,0x1
0x1,0x1,0x51,0x1,0x0,0x0,0x0,0x1,0x0,0x0,0x0,0x1,0x0,0x2,0x2,0x212f,0x3e7e,0x80bd,0xfa69,0x8ac7,0x2500,0x5f8d,0xae63,0x0,0x1
0x1,0x1,0x52,0x1,0x0,0x0,0x0,0x1,0x0,0x0,0x0,0x1,0x0,0x2,0x2,0x05ae,0xef8c,0x0490,0xc835,0x6ffd,0xd491,0x3155,0xeb21,0x0,0x1
0x1,0x1,0x53,0x1,0x0,0x0,0x0,0x1,0x0,0x0,0x0,0x1,0x0,0x2,0x2,0xd66a,0x1367,0xa4c8,0xc3f6,0xc041,0xb422,0x7c1b,0xf352,0x0,0x1
0x1,0x1,0x54,0x1,0x0,0x0,0x0,0x0,0x0,0x0,0x0,0x0,0x1,0x2,0x2,0x0b96,0x24a6,0x2e11,0x5247,0x146d,0x4643,0xe8d4,0xdaf0,0x0,0x1
0x1,0x1,0x55,0x1,0x0,0x0,0x0,0x0,0x0,0x0,0x0,0x0,0x1,0x2,0x2,0x7ff1,0x8000,0x0fcf,0x9f02,0xc84c,0xc569,0x2b2c,0x0526,0x0,0x1
0x1,0x1,0x56,0x1,0x0,0x0,0x0,0x0,0x0,0x0,0x0,0x0,0x1,0x2,0x2,0x1cb9,0x908c,0x06bf,0x3099,0xf153,0x8277,0x102b,0x31e3,0x0,0x1
0x1,0x1,0x57,0x1,0x0,0x0,0x0,0x0,0x0,0x0,0x0,0x0,0x1,0x2,0x2,0x1d02,0x2dc6,0x4770,0xbc13,0x0df1,0x4dae,0xf728,0x30e4,0x0,0x1
0x1,0x1,0x58,0x1,0x0,0x0,0x0,0x0,0x0,0x0,0x0,0x0,0x1,0x2,0x2,0x0e82,0xbe85,0x1433,0x1e94,0x7408,0xa3a2,0x7a54,0xd580,0x0,0x1
0x1,0x1,0x59,0x1,0x0,0x0,0x0,0x0,0x0,0x0,0x0,0x0,0x1,0x2,0x2,0x9866,0xdb37,0xd74d,0xb5ab,0xc7de,0x8f0d,0x3d0f,0x7ee3,0x0,0x1
0x1,0x1,0x5a,0x1,0x0,0x0,0x0,0x0,0x0,0x0,0x0,0x0,0x1,0x2,0x2,0x0f89,0xc9a7,0xbb2e,0xb941,0x8d2d,0x8931,0x0306,0x196d,0x0,0x1
0x1,0x1,0x5b,0x1,0x0,0x0,0x0,0x0,0x0,0x0,0x0,0x0,0x1,0x2,0x2,0xf1ae,0x8d9d,0xe017,0x3f3e,0x1151,0x487b,0xb515,0x7cd7,0x0,0x1
0x1,0x1,0x5c,0x1,0x0,0x0,0x0,0x0,0x0,0x0,0x0,0x0,0x1,0x2,0x2,0x10b3,0x0b99,0x25aa,0xce81,0xdcec,0x2ccc,0xe77c,0x3eea,0x0,0x1
0x1,0x1,0x5d,0x1,0x0,0x0,0x0,0x0,0x0,0x0,0x0,0x0,0x1,0x2,0x2,0xa949,0xc366,0xd7cd,0x71a6,0xa674,0x8bcd,0xd996,0xb762,0x0,0x1
0x1,0x1,0x5e,0x1,0x0,0x0,0x0,0x0,0x0,0x0,0x0,0x0,0x1,0x2,0x2,0x1149,0x7987,0xc563,0xade2,0x67b3,0xbdfc,0xc9c0,0x4022,0x0,0x1
0x1,0x1,0x5f,0x1,0x0,0x0,0x0,0x0,0x0,0x0,0x0,0x0,0x1,0x2,0x2,0x3e25,0x664c,0x3bcd,0xd288,0x58b1,0xdaa7,0xac24,0x9034,0x0,0x1
0x1,0x1,0x60,0x1,0x0,0x0,0x0,0x0,0x0,0x0,0x1,0x0,0x1,0x0,0x2,0x0000,0x0000,0x0000,0x0000,0x0000,0x0000,0x0000,0x0000,0x0,0x1
0x1,0x1,0x61,0x1,0x0,0x0,0x0,0x0,0x0,0x0,0x1,0x0,0x1,0x0,0x2,0x0000,0x0000,0x0000,0x0000,0x0000,0x0000,0x0000,0x0001,0x0,0x1
0x0,0x0,0x0,0x0,0x0,0x0,0x0,0x0,0x0,0x0,0x0,0x0,0x0,0x0,0x0,0x0000,0x0000,0x0000,0x0000,0x0000,0x0000,0x0000,0x0000,0x0,0x0
0x0,0x0,0x0,0x0,0x0,0x0,0x0,0x0,0x0,0x0,0x0,0x0,0x0,0x0,0x0,0x0000,0x0000,0x0000,0x0000,0x0000,0x0000,0x0000,0x0000,0x0,0x0
0x0,0x0,0x0,0x0,0x0,0x0,0x0,0x0,0x0,0x0,0x0,0x0,0x0,0x0,0x0,0x0000,0x0000,0x0000,0x0000,0x0000,0x0000,0x0000,0x0000,0x0,0x0
0x0,0x0,0x0,0x0,0x0,0x0,0x0,0x0,0x0,0x0,0x0,0x0,0x0,0x0,0x0,0x0000,0x0000,0x0000,0x0000,0x0000,0x0000,0x0000,0x0000,0x0,0x0
0x0,0x0,0x0,0x0,0x0,0x0,0x0,0x0,0x0,0x0,0x0,0x0,0x0,0x0,0x0,0x0000,0x0000,0x0000,0x0000,0x0000,0x0000,0x0000,0x0000,0x0,0x0
0x0,0x0,0x0,0x0,0x0,0x0,0x0,0x0,0x0,0x0,0x0,0x0,0x0,0x0,0x0,0x0000,0x0000,0x0000,0x0000,0x0000,0x0000,0x0000,0x0000,0x0,0x0
0x0,0x0,0x0,0x0,0x0,0x0,0x0,0x0,0x0,0x0,0x0,0x0,0x0,0x0,0x0,0x0000,0x0000,0x0000,0x0000,0x0000,0x0000,0x0000,0x0000,0x0,0x0
0x0,0x0,0x0,0x0,0x0,0x0,0x0,0x0,0x0,0x0,0x0,0x0,0x0,0x0,0x0,0x0000,0x0000,0x0000,0x0000,0x0000,0x0000,0x0000,0x0000,0x0,0x0
0x0,0x0,0x0,0x0,0x0,0x0,0x0,0x0,0x0,0x0,0x0,0x0,0x0,0x0,0x0,0x0000,0x0000,0x0000,0x0000,0x0000,0x0000,0x0000,0x0000,0x0,0x0
0x0,0x0,0x0,0x0,0x0,0x0,0x0,0x0,0x0,0x0,0x0,0x0,0x0,0x0,0x0,0x0000,0x0000,0x0000,0x0000,0x0000,0x0000,0x0000,0x0000,0x0,0x0
0x0,0x0,0x0,0x0,0x0,0x0,0x0,0x0,0x0,0x0,0x0,0x0,0x0,0x0,0x0,0x0000,0x0000,0x0000,0x0000,0x0000,0x0000,0x0000,0x0000,0x0,0x0
0x0,0x0,0x0,0x0,0x0,0x0,0x0,0x0,0x0,0x0,0x0,0x0,0x0,0x0,0x0,0x0000,0x0000,0x0000,0x0000,0x0000,0x0000,0x0000,0x0000,0x0,0x0
0x0,0x0,0x0,0x0,0x0,0x0,0x0,0x0,0x0,0x0,0x0,0x0,0x0,0x0,0x0,0x0000,0x0000,0x0000,0x0000,0x0000,0x0000,0x0000,0x0000,0x0,0x0
0x0,0x0,0x0,0x0,0x0,0x0,0x0,0x0,0x0,0x0,0x0,0x0,0x0,0x0,0x0,0x0000,0x0000,0x0000,0x0000,0x0000,0x0000,0x0000,0x0000,0x0,0x0
0x0,0x0,0x0,0x0,0x0,0x0,0x0,0x0,0x0,0x0,0x0,0x0,0x0,0x0,0x0,0x0000,0x0000,0x0000,0x0000,0x0000,0x0000,0x0000,0x0000,0x0,0x0
0x0,0x0,0x0,0x0,0x0,0x0,0x0,0x0,0x0,0x0,0x0,0x0,0x0,0x0,0x0,0x0000,0x0000,0x0000,0x0000,0x0000,0x0000,0x0000,0x0000,0x0,0x0
0x0,0x0,0x0,0x0,0x0,0x0,0x0,0x0,0x0,0x0,0x0,0x0,0x0,0x0,0x0,0x0000,0x0000,0x0000,0x0000,0x0000,0x0000,0x0000,0x0000,0x0,0x0
0x0,0x0,0x0,0x0,0x0,0x0,0x0,0x0,0x0,0x0,0x0,0x0,0x0,0x0,0x0,0x0000,0x0000,0x0000,0x0000,0x0000,0x0000,0x0000,0x0000,0x0,0x0
0x0,0x0,0x0,0x0,0x0,0x0,0x0,0x0,0x0,0x0,0x0,0x0,0x0,0x0,0x0,0x0000,0x0000,0x0000,0x0000,0x0000,0x0000,0x0000,0x0000,0x0,0x0
0x0,0x0,0x0,0x0,0x0,0x0,0x0,0x0,0x0,0x0,0x0,0x0,0x0,0x0,0x0,0x0000,0x0000,0x0000,0x0000,0x0000,0x0000,0x0000,0x0000,0x0,0x0
0x0,0x0,0x0,0x0,0x0,0x0,0x0,0x0,0x0,0x0,0x0,0x0,0x0,0x0,0x0,0x0000,0x0000,0x0000,0x0000,0x0000,0x0000,0x0000,0x0000,0x0,0x0
0x0,0x0,0x0,0x0,0x0,0x0,0x0,0x0,0x0,0x0,0x0,0x0,0x0,0x0,0x0,0x0000,0x0000,0x0000,0x0000,0x0000,0x0000,0x0000,0x0000,0x0,0x0
0x0,0x0,0x0,0x0,0x0,0x0,0x0,0x0,0x0,0x0,0x0,0x0,0x0,0x0,0x0,0x0000,0x0000,0x0000,0x0000,0x0000,0x0000,0x0000,0x0000,0x0,0x0
0x0,0x0,0x0,0x0,0x0,0x0,0x0,0x0,0x0,0x0,0x0,0x0,0x0,0x0,0x0,0x0000,0x0000,0x0000,0x0000,0x0000,0x0000,0x0000,0x0000,0x0,0x0
0x0,0x0,0x0,0x0,0x0,0x0,0x0,0x0,0x0,0x0,0x0,0x0,0x0,0x0,0x0,0x0000,0x0000,0x0000,0x0000,0x0000,0x0000,0x0000,0x0000,0x0,0x0
0x0,0x0,0x0,0x0,0x0,0x0,0x0,0x0,0x0,0x0,0x0,0x0,0x0,0x0,0x0,0x0000,0x0000,0x0000,0x0000,0x0000,0x0000,0x0000,0x0000,0x0,0x0
0x0,0x0,0x0,0x0,0x0,0x0,0x0,0x0,0x0,0x0,0x0,0x0,0x0,0x0,0x0,0x0000,0x0000,0x0000,0x0000,0x0000,0x0000,0x0000,0x0000,0x0,0x0
0x0,0x0,0x0,0x0,0x0,0x0,0x0,0x0,0x0,0x0,0x0,0x0,0x0,0x0,0x0,0x0000,0x0000,0x0000,0x0000,0x0000,0x0000,0x0000,0x0000,0x0,0x0
0x0,0x0,0x0,0x0,0x0,0x0,0x0,0x0,0x0,0x0,0x0,0x0,0x0,0x0,0x0,0x0000,0x0000,0x0000,0x0000,0x0000,0x0000,0x0000,0x0000,0x0,0x0
0x0,0x0,0x0,0x0,0x0,0x0,0x0,0x0,0x0,0x0,0x0,0x0,0x0,0x0,0x0,0x0000,0x0000,0x0000,0x0000,0x0000,0x0000,0x0000,0x0000,0x0,0x0
0x0,0x0,0x0,0x0,0x0,0x0,0x0,0x0,0x0,0x0,0x0,0x0,0x0,0x0,0x0,0x0000,0x0000,0x0000,0x0000,0x0000,0x0000,0x0000,0x0000,0x0,0x0
0x0,0x0,0x0,0x0,0x0,0x0,0x0,0x0,0x0,0x0,0x0,0x0,0x0,0x0,0x0,0x0000,0x0000,0x0000,0x0000,0x0000,0x0000,0x0000,0x0000,0x0,0x0
0x0,0x0,0x0,0x0,0x0,0x0,0x0,0x0,0x0,0x0,0x0,0x0,0x0,0x0,0x0,0x0000,0x0000,0x0000,0x0000,0x0000,0x0000,0x0000,0x0000,0x0,0x0
0x0,0x0,0x0,0x0,0x0,0x0,0x0,0x0,0x0,0x0,0x0,0x0,0x0,0x0,0x0,0x0000,0x0000,0x0000,0x0000,0x0000,0x0000,0x0000,0x0000,0x0,0x0
0x0,0x0,0x0,0x0,0x0,0x0,0x0,0x0,0x0,0x0,0x0,0x0,0x0,0x0,0x0,0x0000,0x0000,0x0000,0x0000,0x0000,0x0000,0x0000,0x0000,0x0,0x0
0x0,0x0,0x0,0x0,0x0,0x0,0x0,0x0,0x0,0x0,0x0,0x0,0x0,0x0,0x0,0x0000,0x0000,0x0000,0x0000,0x0000,0x0000,0x0000,0x0000,0x0,0x0
0x0,0x0,0x0,0x0,0x0,0x0,0x0,0x0,0x0,0x0,0x0,0x0,0x0,0x0,0x0,0x0000,0x0000,0x0000,0x0000,0x0000,0x0000,0x0000,0x0000,0x0,0x0
0x0,0x0,0x0,0x0,0x0,0x0,0x0,0x0,0x0,0x0,0x0,0x0,0x0,0x0,0x0,0x0000,0x0000,0x0000,0x0000,0x0000,0x0000,0x0000,0x0000,0x0,0x0
0x0,0x0,0x0,0x0,0x0,0x0,0x0,0x0,0x0,0x0,0x0,0x0,0x0,0x0,0x0,0x0000,0x0000,0x0000,0x0000,0x0000,0x0000,0x0000,0x0000,0x0,0x0
0x0,0x0,0x0,0x0,0x0,0x0,0x0,0x0,0x0,0x0,0x0,0x0,0x0,0x0,0x0,0x0000,0x0000,0x0000,0x0000,0x0000,0x0000,0x0000,0x0000,0x0,0x0
0x0,0x0,0x0,0x0,0x0,0x0,0x0,0x0,0x0,0x0,0x0,0x0,0x0,0x0,0x0,0x0000,0x0000,0x0000,0x0000,0x0000,0x0000,0x0000,0x0000,0x0,0x0
0x0,0x0,0x0,0x0,0x0,0x0,0x0,0x0,0x0,0x0,0x0,0x0,0x0,0x0,0x0,0x0000,0x0000,0x0000,0x0000,0x0000,0x0000,0x0000,0x0000,0x0,0x0
0x0,0x0,0x0,0x0,0x0,0x0,0x0,0x0,0x0,0x0,0x0,0x0,0x0,0x0,0x0,0x0000,0x0000,0x0000,0x0000,0x0000,0x0000,0x0000,0x0000,0x0,0x0
0x0,0x0,0x0,0x0,0x0,0x0,0x0,0x0,0x0,0x0,0x0,0x0,0x0,0x0,0x0,0x0000,0x0000,0x0000,0x0000,0x0000,0x0000,0x0000,0x0000,0x0,0x0
0x0,0x0,0x0,0x0,0x0,0x0,0x0,0x0,0x0,0x0,0x0,0x0,0x0,0x0,0x0,0x0000,0x0000,0x0000,0x0000,0x0000,0x0000,0x0000,0x0000,0x0,0x0
0x0,0x0,0x0,0x0,0x0,0x0,0x0,0x0,0x0,0x0,0x0,0x0,0x0,0x0,0x0,0x0000,0x0000,0x0000,0x0000,0x0000,0x0000,0x0000,0x0000,0x0,0x0
0x0,0x0,0x0,0x0,0x0,0x0,0x0,0x0,0x0,0x0,0x0,0x0,0x0,0x0,0x0,0x0000,0x0000,0x0000,0x0000,0x0000,0x0000,0x0000,0x0000,0x0,0x0
0x0,0x0,0x0,0x0,0x0,0x0,0x0,0x0,0x0,0x0,0x0,0x0,0x0,0x0,0x0,0x0000,0x0000,0x0000,0x0000,0x0000,0x0000,0x0000,0x0000,0x0,0x0
0x0,0x0,0x0,0x0,0x0,0x0,0x0,0x0,0x0,0x0,0x0,0x0,0x0,0x0,0x0,0x0000,0x0000,0x0000,0x0000,0x0000,0x0000,0x0000,0x0000,0x0,0x0
0x0,0x0,0x0,0x0,0x0,0x0,0x0,0x0,0x0,0x0,0x0,0x0,0x0,0x0,0x0,0x0000,0x0000,0x0000,0x0000,0x0000,0x0000,0x0000,0x0000,0x0,0x0
0x0,0x0,0x0,0x0,0x0,0x0,0x0,0x0,0x0,0x0,0x0,0x0,0x0,0x0,0x0,0x0000,0x0000,0x0000,0x0000,0x0000,0x0000,0x0000,0x0000,0x0,0x0
0x0,0x0,0x0,0x0,0x0,0x0,0x0,0x0,0x0,0x0,0x0,0x0,0x0,0x0,0x0,0x0000,0x0000,0x0000,0x0000,0x0000,0x0000,0x0000,0x0000,0x0,0x0
0x0,0x0,0x0,0x0,0x0,0x0,0x0,0x0,0x0,0x0,0x0,0x0,0x0,0x0,0x0,0x0000,0x0000,0x0000,0x0000,0x0000,0x0000,0x0000,0x0000,0x0,0x0
0x0,0x0,0x0,0x0,0x0,0x0,0x0,0x0,0x0,0x0,0x0,0x0,0x0,0x0,0x0,0x0000,0x0000,0x0000,0x0000,0x0000,0x0000,0x0000,0x0000,0x0,0x0
0x0,0x0,0x0,0x0,0x0,0x0,0x0,0x0,0x0,0x0,0x0,0x0,0x0,0x0,0x0,0x0000,0x0000,0x0000,0x0000,0x0000,0x0000,0x0000,0x0000,0x0,0x0
0x0,0x0,0x0,0x0,0x0,0x0,0x0,0x0,0x0,0x0,0x0,0x0,0x0,0x0,0x0,0x0000,0x0000,0x0000,0x0000,0x0000,0x0000,0x0000,0x0000,0x0,0x0
0x0,0x0,0x0,0x0,0x0,0x0,0x0,0x0,0x0,0x0,0x0,0x0,0x0,0x0,0x0,0x0000,0x0000,0x0000,0x0000,0x0000,0x0000,0x0000,0x0000,0x0,0x0
0x0,0x0,0x0,0x0,0x0,0x0,0x0,0x0,0x0,0x0,0x0,0x0,0x0,0x0,0x0,0x0000,0x0000,0x0000,0x0000,0x0000,0x0000,0x0000,0x0000,0x0,0x0
0x0,0x0,0x0,0x0,0x0,0x0,0x0,0x0,0x0,0x0,0x0,0x0,0x0,0x0,0x0,0x0000,0x0000,0x0000,0x0000,0x0000,0x0000,0x0000,0x0000,0x0,0x0
0x0,0x0,0x0,0x0,0x0,0x0,0x0,0x0,0x0,0x0,0x0,0x0,0x0,0x0,0x0,0x0000,0x0000,0x0000,0x0000,0x0000,0x0000,0x0000,0x0000,0x0,0x0
