TESTING_IMPORT_PAD_HASH_NUM,TESTING_IMPORT_PAD_INDEX,TESTING_IMPORT_PAD_IS_ACTIVE,TESTING_IMPORT_PAD_IS_INSERTED,TESTING_IMPORT_PAD_IS_PADDED,TESTING_IMPORT_PAD_IS_NEW_HASH,TESTING_IMPORT_PAD_LIMBS,TESTING_IMPORT_PAD_NBYTES,TESTING_IMPORT_PAD_ACC_PADDED_BYTES
1,0,1,1,0,1,0xfe25c1cee11ce78c64a2d483d0000000,13,0
1,1,1,1,0,0,0xd06b1b4aafe8c1f6cc508de051000000,13,0
1,2,1,1,0,0,0x6fee1084f9006d5b2c1cd80000000000,11,0
1,3,1,0,1,0,0x80000000000000000000000000000000,1,1
1,4,1,0,1,0,0x0,16,17
1,5,1,0,1,0,0x0,2,19
1,6,1,0,1,0,0x1280000000000000000,8,27
2,0,1,1,0,1,0x39000000000000000000000000000000,1,0
2,1,1,1,0,0,0xf4721fab29dfc9ad0000000000000000,8,0
2,2,1,1,0,0,0xfe26f331300dad297600000000000000,9,0
2,3,1,1,0,0,0x8cc51dd9168ce081ce466edf2d6e0000,14,0
2,4,1,1,0,0,0xc9000000000000000000000000000000,1,0
2,5,1,1,0,0,0xe919ff50fea001fa0000000000000000,8,0
2,6,1,1,0,0,0xe51235e315c27021e15032b192963134,16,0
2,7,1,1,0,0,0x68356a310e9eb4000000000000000000,7,0
2,8,1,0,1,0,0x80000000000000000000000000000000,1,1
2,9,1,0,1,0,0x0,16,17
2,10,1,0,1,0,0x0,16,33
2,11,1,0,1,0,0x0,16,49
2,12,1,0,1,0,0x0,7,56
2,13,1,0,1,0,0x2000000000000000000,8,64
3,0,1,1,0,1,0xfea0c811a56700000000000000000000,6,0
3,1,1,1,0,0,0xdb20f1d08c0000000000000000000000,5,0
3,2,1,1,0,0,0x7adc3fb2668b00000000000000000000,6,0
3,3,1,1,0,0,0x4274f59c5de354bd2cd9000000000000,10,0
3,4,1,1,0,0,0xc2cb91a5c70000000000000000000000,5,0
3,5,1,1,0,0,0x38e058276a723a220000000000000000,8,0
3,6,1,1,0,0,0x3eb099a2f5377bfb54b8db1f00000000,12,0
3,7,1,1,0,0,0x4fcb530e15aab85a1be4d6aa00000000,12,0
3,8,1,1,0,0,0x876d4e92da6cf8d7c700000000000000,9,0
3,9,1,1,0,0,0x45b90ccc8a921a867c90248e00000000,12,0
3,10,1,1,0,0,0x9ef3a0ec7474dd962c89793450000000,13,0
3,11,1,0,1,0,0x80000000000000000000000000000000,1,1
3,12,1,0,1,0,0x0,16,17
3,13,1,0,1,0,0x0,5,22
3,14,1,0,1,0,0x3100000000000000000,8,30
0,0,0,0,0,0,0x0,0,0
0,0,0,0,0,0,0x0,0,0
0,0,0,0,0,0,0x0,0,0
0,0,0,0,0,0,0x0,0,0
0,0,0,0,0,0,0x0,0,0
0,0,0,0,0,0,0x0,0,0
0,0,0,0,0,0,0x0,0,0
0,0,0,0,0,0,0x0,0,0
0,0,0,0,0,0,0x0,0,0
0,0,0,0,0,0,0x0,0,0
0,0,0,0,0,0,0x0,0,0
0,0,0,0,0,0,0x0,0,0
0,0,0,0,0,0,0x0,0,0
0,0,0,0,0,0,0x0,0,0
0,0,0,0,0,0,0x0,0,0
0,0,0,0,0,0,0x0,0,0
0,0,0,0,0,0,0x0,0,0
0,0,0,0,0,0,0x0,0,0
0,0,0,0,0,0,0x0,0,0
0,0,0,0,0,0,0x0,0,0
0,0,0,0,0,0,0x0,0,0
0,0,0,0,0,0,0x0,0,0
0,0,0,0,0,0,0x0,0,0
0,0,0,0,0,0,0x0,0,0
0,0,0,0,0,0,0x0,0,0
0,0,0,0,0,0,0x0,0,0
0,0,0,0,0,0,0x0,0,0
0,0,0,0,0,0,0x0,0,0
