CFI,ACC,NBYTES,COUNTER,CODESIZE
0,0x60,2,0,0x8ed
0,0x6040,2,1,0x8ed
0,0x0,2,2,0x8ed
0,0x0,2,3,0x8ed
0,0x76,1,0,0x8ed
0,0x0,1,1,0x8ed
0,0x0,1,2,0x8ed
0,0x0,1,3,0x8ed
1,0x45,1,0,0x2026
1,0x0,1,1,0x2026
1,0x0,1,2,0x2026
1,0x0,1,3,0x2026
2,0x65,3,0,0x5c89
2,0x6543,3,1,0x5c89
2,0x654320,3,2,0x5c89
2,0x0,3,3,0x5c89
2,0x12,2,0,0x5c89
2,0x1234,2,1,0x5c89
2,0x0,2,2,0x5c89
2,0x0,2,3,0x5c89
2,0x76,2,0,0x5c89
2,0x7645,2,1,0x5c89
2,0x0,2,2,0x5c89
2,0x0,2,3,0x5c89
2,0x45,2,0,0x5c89
2,0x4523,2,1,0x5c89
2,0x0,2,2,0x5c89
2,0x0,2,3,0x5c89