TESTING_IMPORT_PAD_HASH_NUM,TESTING_IMPORT_PAD_INDEX,TESTING_IMPORT_PAD_IS_ACTIVE,TESTING_IMPORT_PAD_IS_INSERTED,TESTING_IMPORT_PAD_IS_PADDED,TESTING_IMPORT_PAD_IS_NEW_HASH,TESTING_IMPORT_PAD_LIMB_0,TESTING_IMPORT_PAD_LIMB_1,TESTING_IMPORT_PAD_LIMB_2,TESTING_IMPORT_PAD_LIMB_3,TESTING_IMPORT_PAD_LIMB_4,TESTING_IMPORT_PAD_LIMB_5,TESTING_IMPORT_PAD_LIMB_6,TESTING_IMPORT_PAD_LIMB_7,TESTING_IMPORT_PAD_NBYTES,TESTING_IMPORT_PAD_ACC_PADDED_BYTES
1,0,1,1,0,1,0xfe25,0xc1ce,0xe11c,0xe78c,0x64a2,0xd483,0xd000,0x0000,13,0
1,1,1,1,0,0,0xd06b,0x1b4a,0xafe8,0xc1f6,0xcc50,0x8de0,0x5100,0x0000,13,0
1,2,1,1,0,0,0x6fee,0x1084,0xf900,0x6d5b,0x2c1c,0xd800,0x0000,0x0000,11,0
1,3,1,0,1,0,0x8000,0x0000,0x0000,0x0000,0x0000,0x0000,0x0000,0x0000,1,1
1,4,1,0,1,0,0x0000,0x0000,0x0000,0x0000,0x0000,0x0000,0x0000,0x0000,16,17
1,5,1,0,1,0,0x0000,0x0000,0x0000,0x0000,0x0000,0x0000,0x0000,0x0000,2,19
1,6,1,0,1,0,0x0000,0x0000,0x0000,0x0128,0x0000,0x0000,0x0000,0x0000,8,27
2,0,1,1,0,1,0x3900,0x0000,0x0000,0x0000,0x0000,0x0000,0x0000,0x0000,1,0
2,1,1,1,0,0,0xf472,0x1fab,0x29df,0xc9ad,0x0000,0x0000,0x0000,0x0000,8,0
2,2,1,1,0,0,0xfe26,0xf331,0x300d,0xad29,0x7600,0x0000,0x0000,0x0000,9,0
2,3,1,1,0,0,0x8cc5,0x1dd9,0x168c,0xe081,0xce46,0x6edf,0x2d6e,0x0000,14,0
2,4,1,1,0,0,0xc900,0x0000,0x0000,0x0000,0x0000,0x0000,0x0000,0x0000,1,0
2,5,1,1,0,0,0xe919,0xff50,0xfea0,0x01fa,0x0000,0x0000,0x0000,0x0000,8,0
2,6,1,1,0,0,0xe512,0x35e3,0x15c2,0x7021,0xe150,0x32b1,0x9296,0x3134,16,0
2,7,1,1,0,0,0x6835,0x6a31,0x0e9e,0xb400,0x0000,0x0000,0x0000,0x0000,7,0
2,8,1,0,1,0,0x8000,0x0000,0x0000,0x0000,0x0000,0x0000,0x0000,0x0000,1,1
2,9,1,0,1,0,0x0000,0x0000,0x0000,0x0000,0x0000,0x0000,0x0000,0x0000,16,17
2,10,1,0,1,0,0x0000,0x0000,0x0000,0x0000,0x0000,0x0000,0x0000,0x0000,16,33
2,11,1,0,1,0,0x0000,0x0000,0x0000,0x0000,0x0000,0x0000,0x0000,0x0000,16,49
2,12,1,0,1,0,0x0000,0x0000,0x0000,0x0000,0x0000,0x0000,0x0000,0x0000,7,56
2,13,1,0,1,0,0x0000,0x0000,0x0000,0x0200,0x0000,0x0000,0x0000,0x0000,8,64
3,0,1,1,0,1,0xfea0,0xc811,0xa567,0x0000,0x0000,0x0000,0x0000,0x0000,6,0
3,1,1,1,0,0,0xdb20,0xf1d0,0x8c00,0x0000,0x0000,0x0000,0x0000,0x0000,5,0
3,2,1,1,0,0,0x7adc,0x3fb2,0x668b,0x0000,0x0000,0x0000,0x0000,0x0000,6,0
3,3,1,1,0,0,0x4274,0xf59c,0x5de3,0x54bd,0x2cd9,0x0000,0x0000,0x0000,10,0
3,4,1,1,0,0,0xc2cb,0x91a5,0xc700,0x0000,0x0000,0x0000,0x0000,0x0000,5,0
3,5,1,1,0,0,0x38e0,0x5827,0x6a72,0x3a22,0x0000,0x0000,0x0000,0x0000,8,0
3,6,1,1,0,0,0x3eb0,0x99a2,0xf537,0x7bfb,0x54b8,0xdb1f,0x0000,0x0000,12,0
3,7,1,1,0,0,0x4fcb,0x530e,0x15aa,0xb85a,0x1be4,0xd6aa,0x0000,0x0000,12,0
3,8,1,1,0,0,0x876d,0x4e92,0xda6c,0xf8d7,0xc700,0x0000,0x0000,0x0000,9,0
3,9,1,1,0,0,0x45b9,0x0ccc,0x8a92,0x1a86,0x7c90,0x248e,0x0000,0x0000,12,0
3,10,1,1,0,0,0x9ef3,0xa0ec,0x7474,0xdd96,0x2c89,0x7934,0x5000,0x0000,13,0
3,11,1,0,1,0,0x8000,0x0000,0x0000,0x0000,0x0000,0x0000,0x0000,0x0000,1,1
3,12,1,0,1,0,0x0000,0x0000,0x0000,0x0000,0x0000,0x0000,0x0000,0x0000,16,17
3,13,1,0,1,0,0x0000,0x0000,0x0000,0x0000,0x0000,0x0000,0x0000,0x0000,5,22
3,14,1,0,1,0,0x0000,0x0000,0x0000,0x0310,0x0000,0x0000,0x0000,0x0000,8,30
0,0,0,0,0,0,0x0000,0x0000,0x0000,0x0000,0x0000,0x0000,0x0000,0x0000,0,0
0,0,0,0,0,0,0x0000,0x0000,0x0000,0x0000,0x0000,0x0000,0x0000,0x0000,0,0
0,0,0,0,0,0,0x0000,0x0000,0x0000,0x0000,0x0000,0x0000,0x0000,0x0000,0,0
0,0,0,0,0,0,0x0000,0x0000,0x0000,0x0000,0x0000,0x0000,0x0000,0x0000,0,0
0,0,0,0,0,0,0x0000,0x0000,0x0000,0x0000,0x0000,0x0000,0x0000,0x0000,0,0
0,0,0,0,0,0,0x0000,0x0000,0x0000,0x0000,0x0000,0x0000,0x0000,0x0000,0,0
0,0,0,0,0,0,0x0000,0x0000,0x0000,0x0000,0x0000,0x0000,0x0000,0x0000,0,0
0,0,0,0,0,0,0x0000,0x0000,0x0000,0x0000,0x0000,0x0000,0x0000,0x0000,0,0
0,0,0,0,0,0,0x0000,0x0000,0x0000,0x0000,0x0000,0x0000,0x0000,0x0000,0,0
0,0,0,0,0,0,0x0000,0x0000,0x0000,0x0000,0x0000,0x0000,0x0000,0x0000,0,0
0,0,0,0,0,0,0x0000,0x0000,0x0000,0x0000,0x0000,0x0000,0x0000,0x0000,0,0
0,0,0,0,0,0,0x0000,0x0000,0x0000,0x0000,0x0000,0x0000,0x0000,0x0000,0,0
0,0,0,0,0,0,0x0000,0x0000,0x0000,0x0000,0x0000,0x0000,0x0000,0x0000,0,0
0,0,0,0,0,0,0x0000,0x0000,0x0000,0x0000,0x0000,0x0000,0x0000,0x0000,0,0
0,0,0,0,0,0,0x0000,0x0000,0x0000,0x0000,0x0000,0x0000,0x0000,0x0000,0,0
0,0,0,0,0,0,0x0000,0x0000,0x0000,0x0000,0x0000,0x0000,0x0000,0x0000,0,0
0,0,0,0,0,0,0x0000,0x0000,0x0000,0x0000,0x0000,0x0000,0x0000,0x0000,0,0
0,0,0,0,0,0,0x0000,0x0000,0x0000,0x0000,0x0000,0x0000,0x0000,0x0000,0,0
0,0,0,0,0,0,0x0000,0x0000,0x0000,0x0000,0x0000,0x0000,0x0000,0x0000,0,0
0,0,0,0,0,0,0x0000,0x0000,0x0000,0x0000,0x0000,0x0000,0x0000,0x0000,0,0
0,0,0,0,0,0,0x0000,0x0000,0x0000,0x0000,0x0000,0x0000,0x0000,0x0000,0,0
0,0,0,0,0,0,0x0000,0x0000,0x0000,0x0000,0x0000,0x0000,0x0000,0x0000,0,0
0,0,0,0,0,0,0x0000,0x0000,0x0000,0x0000,0x0000,0x0000,0x0000,0x0000,0,0
0,0,0,0,0,0,0x0000,0x0000,0x0000,0x0000,0x0000,0x0000,0x0000,0x0000,0,0
0,0,0,0,0,0,0x0000,0x0000,0x0000,0x0000,0x0000,0x0000,0x0000,0x0000,0,0
0,0,0,0,0,0,0x0000,0x0000,0x0000,0x0000,0x0000,0x0000,0x0000,0x0000,0,0
0,0,0,0,0,0,0x0000,0x0000,0x0000,0x0000,0x0000,0x0000,0x0000,0x0000,0,0
0,0,0,0,0,0,0x0000,0x0000,0x0000,0x0000,0x0000,0x0000,0x0000,0x0000,0,0
