REL_BLOCK,INST,CT,DATA,FIRST_BLOCK_NUMBER,IS_CHAINID
0,0,0,0,0,0
0,0,0,0,0,0
0,0,0,0,0,0
0,0,0,0,0,0
0,0,0,0,0,0
0,0,0,0,0,0
0,0,0,0,0,0
0,0,0,0,0,0
0,0,0,0,0,0
0,0,0,0,0,0
0,0,0,0,0,0
0,0,0,0,0,0
0,0,0,0,0,0
0,0,0,0,0,0
0,0,0,0,0,0
0,0,0,0,0,0
0,0,0,0,0,0
0,0,0,0,0,0
0,0,0,0,0,0
0,0,0,0,0,0
0,0,0,0,0,0
0,0,0,0,0,0
0,0,0,0,0,0
0,0,0,0,0,0
0,0,0,0,0,0
0,0,0,0,0,0
0,0,0,0,0,0
0,0,0,0,0,0
0,0,0,0,0,0
0,0x0,0,0,0,0
1,0x41,0,0,1500,0
1,0x42,0,0xa,1500,0
1,0x43,0,0,1500,0
1,0x44,0,0,1500,0
1,0x45,0,0xa,1500,0
1,0x46,0,0xfefc0000000000000000000000000000,1500,1
1,0x48,0,0,1500,0
2,0x41,0,0,1500,0
2,0x42,0,0xab,1500,0
2,0x43,0,0,1500,0
2,0x44,0,0,1500,0
2,0x45,0,0,1500,0
2,0x46,0,0xfefc0000000000000000000000000000,1500,1
2,0x48,0,0,1500,0
3,0,0,0,1500,0
3,0x42,0,0xbc,1500,0
3,0,0,0,1500,0
3,0,1,0,1500,0
3,0,2,0,1500,0
3,0,3,0,1500,0
3,0,4,0,1500,0
4,0,5,0,1500,0
4,0x42,0,0xcd,1500,0
4,0x42,1,0xcd,1500,0
4,0x43,0,0xa,1105,0
4,0x43,1,0xa,1105,0
4,0x44,0,0xa,1200,0
4,0x45,0,0xa,1500,0
4,0x45,1,0xa,1500,0
4,0x45,2,0xa,1500,0
4,0x45,3,0xa,1500,0
4,0x46,0,0xfefc0000000000000000000000000000,1500,1
4,0x45,4,0xa,1500,0
4,0x48,1,0xc,1500,0
