IS_ACTIVE,IS_STORAGE,INITIAL_MIMC,INITIAL_KECCAK_HI,INITIAL_KECCAK_LO,FINAL_MIMC,FINAL_KECCAK_HI,FINAL_KECCAK_LO,INITIAL_EXISTS,FINAL_EXISTS
1,0,0xf35f15cf8427806f2171633219038109a5f43284b97203f6c20e732726ec472,0xf67d4416da001d26653dd55376e67fee,0xe2ce9b5328ce33d0182d1c75c8fc25a3,0x2db71270903377ab92fc264fb9dc5b99e1fe19ba86ac18e4a46a0c0a5a9c4c3,0x5495f91c99165c6995f8ffe1451683f7,0x372bb525661a23dc742314241b4655eb,1,1
1,0,0x11a963f7c703bf098a29118e4d106429943393dd7a484487ba81dd928e314bd1,0x40e87503291ddfc9b2f71747668dc2b8,0xb476de901cb5ad656dbde606e9e7f28f,0x5d6f176a0bbd09237f1bda1639f17e936ba71ab877dd92ed53182dd0e0b74c0,0x3a43fa28fed192571758c03fb025ff34,0xcb2ac05bcdf8762915f005b05b7c84d7,1,1
1,1,0x11a963f7c703bf098a29118e4d106429943393dd7a484487ba81dd928e314bd1,0x40e87503291ddfc9b2f71747668dc2b8,0xb476de901cb5ad656dbde606e9e7f28f,0x5d6f176a0bbd09237f1bda1639f17e936ba71ab877dd92ed53182dd0e0b74c0,0x3a43fa28fed192571758c03fb025ff34,0xcb2ac05bcdf8762915f005b05b7c84d7,1,1
1,1,0x11a963f7c703bf098a29118e4d106429943393dd7a484487ba81dd928e314bd1,0x40e87503291ddfc9b2f71747668dc2b8,0xb476de901cb5ad656dbde606e9e7f28f,0x5d6f176a0bbd09237f1bda1639f17e936ba71ab877dd92ed53182dd0e0b74c0,0x3a43fa28fed192571758c03fb025ff34,0xcb2ac05bcdf8762915f005b05b7c84d7,1,1
1,1,0x11a963f7c703bf098a29118e4d106429943393dd7a484487ba81dd928e314bd1,0x40e87503291ddfc9b2f71747668dc2b8,0xb476de901cb5ad656dbde606e9e7f28f,0x5d6f176a0bbd09237f1bda1639f17e936ba71ab877dd92ed53182dd0e0b74c0,0x3a43fa28fed192571758c03fb025ff34,0xcb2ac05bcdf8762915f005b05b7c84d7,1,1
1,0,0x1d9d872e460e7c37df10661add2d6dbcc7a0db609ea345c9fe4fb679918ee6c,0x54df737ac005b708c1f320f8348b57c4,0x4f76a3e23b164eb958d985d00c464fce,0x104ccc9396a119a0bbe6c11033863e8c17819aaa4735190e2dcb4031fe748d8c,0x5e414bac8de6484b16c268906d21bfe6,0x64075d8db57307612ce42d52e4e13c74,1,1
1,0,0x11f4cf9cf92cbd4e55cb49097909d1eb7ef4e232efd287a7ce617ea2fdf5e218,0x7b58305eb2aa3ff8e9b49192b4822685,0x84e6417582b82df64c84659a39513fee,0x11f4cf9cf92cbd4e55cb49097909d1eb7ef4e232efd287a7ce617ea2fdf5e218,0x7b58305eb2aa3ff8e9b49192b4822685,0x84e6417582b82df64c84659a39513fee,1,1
1,0,0x11f4cf9cf92cbd4e55cb49097909d1eb7ef4e232efd287a7ce617ea2fdf5e218,0x7b58305eb2aa3ff8e9b49192b4822685,0x84e6417582b82df64c84659a39513fee,0x11f4cf9cf92cbd4e55cb49097909d1eb7ef4e232efd287a7ce617ea2fdf5e218,0x7b58305eb2aa3ff8e9b49192b4822685,0x84e6417582b82df64c84659a39513fee,1,1
1,0,0xc9ff2cb2ef8742d36f339e7034bda0c15daeefcb805548d9d9ce25aa2ffd4ef,0x7886f8ca4e034b7332123cee9d1777ea,0x566fa42788136176f7ae63016b12e2d8,0x1196860c768f1938d1da9c555b43352712bb4ddda46a4c840bfed2900341e55d,0x5c8257ad42351127abeb7228d64739bb,0x5b60fc5da377a2e2305d9d59b4cb8bb1,1,1
1,0,0x11f4cf9cf92cbd4e55cb49097909d1eb7ef4e232efd287a7ce617ea2fdf5e218,0x7b58305eb2aa3ff8e9b49192b4822685,0x84e6417582b82df64c84659a39513fee,0x11f4cf9cf92cbd4e55cb49097909d1eb7ef4e232efd287a7ce617ea2fdf5e218,0x7b58305eb2aa3ff8e9b49192b4822685,0x84e6417582b82df64c84659a39513fee,1,1
1,1,0x11f4cf9cf92cbd4e55cb49097909d1eb7ef4e232efd287a7ce617ea2fdf5e218,0x7b58305eb2aa3ff8e9b49192b4822685,0x84e6417582b82df64c84659a39513fee,0x11f4cf9cf92cbd4e55cb49097909d1eb7ef4e232efd287a7ce617ea2fdf5e218,0x7b58305eb2aa3ff8e9b49192b4822685,0x84e6417582b82df64c84659a39513fee,1,1
1,0,0xa0a821a3015df739289796a6dd9292052601bd4ded9d610329b60761d5153d,0x5eaccff3dd532e06b282e833ef119894,0xf6a3655bcb792dbc7acd191b76a8eb51,0xac2042d01900e17f4a2d1a25146b4442d4aaab042d81688369f14476e6923a8,0x8dd5dd3ac2363989d6e8567a4614ae5e,0x11a2f1dba2c693f34d45bc5ccd772a68,1,1
1,0,0xfece0dc962f980f98a40191def18ed12f5dae99402b8aac05e233ab908863e2,0x8e99ef8b7a659d365cd2e719e538ffa7,0xf69a644e48c8cba797b25bb44188f288,0x35ac282e8a94049f433423418ae6351d914d7a75b012ae5b9ec67df4c9406fc,0xf92a4e441a309d3510bfc5d4eb306186,0x1693b964f6e528063804cc04422dc3df,1,1
1,1,0xfece0dc962f980f98a40191def18ed12f5dae99402b8aac05e233ab908863e2,0x8e99ef8b7a659d365cd2e719e538ffa7,0xf69a644e48c8cba797b25bb44188f288,0x35ac282e8a94049f433423418ae6351d914d7a75b012ae5b9ec67df4c9406fc,0xf92a4e441a309d3510bfc5d4eb306186,0x1693b964f6e528063804cc04422dc3df,1,1
1,0,0x119419c6075b4599366943f66ecfc8c0815d244ff6cf3e9c6116b39f7ec1a953,0x4225a554197ee72cc6bd8e093bb53d16,0xae97f0821c43cf8718bb82c5f674e7a,0xa8765f64bdb87e1ad5f03d3d7f3b01cdc6636df1bc2a69461c7fdc9e2045df,0xfd6875223bcb0ea15b6d0c35a6725347,0x59a83d5e3e0f5ebdec57a05e2ea6e740,1,1
1,1,0x119419c6075b4599366943f66ecfc8c0815d244ff6cf3e9c6116b39f7ec1a953,0x4225a554197ee72cc6bd8e093bb53d16,0xae97f0821c43cf8718bb82c5f674e7a,0xa8765f64bdb87e1ad5f03d3d7f3b01cdc6636df1bc2a69461c7fdc9e2045df,0xfd6875223bcb0ea15b6d0c35a6725347,0x59a83d5e3e0f5ebdec57a05e2ea6e740,1,1
1,1,0x119419c6075b4599366943f66ecfc8c0815d244ff6cf3e9c6116b39f7ec1a953,0x4225a554197ee72cc6bd8e093bb53d16,0xae97f0821c43cf8718bb82c5f674e7a,0xa8765f64bdb87e1ad5f03d3d7f3b01cdc6636df1bc2a69461c7fdc9e2045df,0xfd6875223bcb0ea15b6d0c35a6725347,0x59a83d5e3e0f5ebdec57a05e2ea6e740,1,1
1,1,0x119419c6075b4599366943f66ecfc8c0815d244ff6cf3e9c6116b39f7ec1a953,0x4225a554197ee72cc6bd8e093bb53d16,0xae97f0821c43cf8718bb82c5f674e7a,0xa8765f64bdb87e1ad5f03d3d7f3b01cdc6636df1bc2a69461c7fdc9e2045df,0xfd6875223bcb0ea15b6d0c35a6725347,0x59a83d5e3e0f5ebdec57a05e2ea6e740,1,1
1,0,0x11f4cf9cf92cbd4e55cb49097909d1eb7ef4e232efd287a7ce617ea2fdf5e218,0x7b58305eb2aa3ff8e9b49192b4822685,0x84e6417582b82df64c84659a39513fee,0x11f4cf9cf92cbd4e55cb49097909d1eb7ef4e232efd287a7ce617ea2fdf5e218,0x7b58305eb2aa3ff8e9b49192b4822685,0x84e6417582b82df64c84659a39513fee,1,1
1,0,0x389b7c5e99d95d5bc81560caeab92f2871ab9357d4b75d8086ee85d25d13c61,0xa7fe20bbd3d3d8bf38bbba8bb767ddbc,0x69fa5906065ce2221ec867b3a8feaa20,0x48753db4c02bc3d7276488a335047033452c4e157bc7947337c1bdef49dbe29,0xde70496580bb8d949ceaa1eb86bb1b9b,0x90d49841377cb7e56ee771f68678299d,1,1
1,0,0xd63f76d025aad66c2e4637ffee81facc45d14a98494c0a876039297c0a8fb92,0x7b48e49951fb6ad5611a60f42eff4088,0xf5bb6cf530e7f1c44ea0044a9e12fa59,0x10b6c895212308d986f73f5987c6ac81b1c002afdfe374958fb5a84162baca5d,0xffb53b21b460953150751c841b3644ef,0x613d1ac523717f3b11bc6c3f837ce54b,1,1
1,0,0x10296e8da0aec25fee074b440964b2a1094056a0f31ba142e30089882155760e,0x95831128725c2b8e58eb85bb882d67e9,0x74a7d2db75ce50157cc057c2373581d7,0x22f2e52458e2f998998cf74206fe267cd3e79efefefcd17994285cee84e5a50,0x8902fc6c126f2045ce6c52618b5051bf,0xb2668ae6fd2462a8d96f71e51e8d164e,1,1
1,0,0x10d8562b94171f2dc124d4f5f9e83bf59ae831889792a12ec64e526a60c0971f,0x68028375c1cc6f4760037a584069cdd6,0x184890773df97552959f05c995c318c5,0x6d30229fd84d07298c7286d5600102d9627652db2667b04835f4d93586203dd,0xb782c18785d08f2d49739dd829ecc8ff,0x5915e72b790cf4cc918d315d4825139b,1,1
1,1,0x10d8562b94171f2dc124d4f5f9e83bf59ae831889792a12ec64e526a60c0971f,0x68028375c1cc6f4760037a584069cdd6,0x184890773df97552959f05c995c318c5,0x6d30229fd84d07298c7286d5600102d9627652db2667b04835f4d93586203dd,0xb782c18785d08f2d49739dd829ecc8ff,0x5915e72b790cf4cc918d315d4825139b,1,1
1,0,0xae81ebef405850eecf8717d7faea3dbd6a37d35d063d0367064880086a7a300,0x20c80df7e34096a6c0d73232df167e1a,0x32820e71aa1363f92a402f075777a37b,0xcbf0ece3106425fa5b6ee414fcc0b36e25957de00b49112e2d613105c248d55,0x7cbf1978c6635b53ef61e85fc4a88414,0x9231fa09e75f1b16b23225161bd15fe9,1,1
1,1,0xae81ebef405850eecf8717d7faea3dbd6a37d35d063d0367064880086a7a300,0x20c80df7e34096a6c0d73232df167e1a,0x32820e71aa1363f92a402f075777a37b,0xcbf0ece3106425fa5b6ee414fcc0b36e25957de00b49112e2d613105c248d55,0x7cbf1978c6635b53ef61e85fc4a88414,0x9231fa09e75f1b16b23225161bd15fe9,1,1
1,1,0xae81ebef405850eecf8717d7faea3dbd6a37d35d063d0367064880086a7a300,0x20c80df7e34096a6c0d73232df167e1a,0x32820e71aa1363f92a402f075777a37b,0xcbf0ece3106425fa5b6ee414fcc0b36e25957de00b49112e2d613105c248d55,0x7cbf1978c6635b53ef61e85fc4a88414,0x9231fa09e75f1b16b23225161bd15fe9,1,1
1,0,0xf3379db7f2f8d74284712d99bf6b643a1e66f6d7e524384981550cf41ea2bbb,0x1e9b3ea8bae6461f76bc37f85c6f132e,0x17892407267738f48a0ae6c9e0999b95,0xc100a2fdcc4ec6657590effb1548813ff5e05d554623e9f1852e275d3f3bfc,0x99f65bee59ffa8f01819f6f7e7ca86a3,0x56d14a8af29b2e5517ef2158285dc744,1,1
1,1,0xf3379db7f2f8d74284712d99bf6b643a1e66f6d7e524384981550cf41ea2bbb,0x1e9b3ea8bae6461f76bc37f85c6f132e,0x17892407267738f48a0ae6c9e0999b95,0xc100a2fdcc4ec6657590effb1548813ff5e05d554623e9f1852e275d3f3bfc,0x99f65bee59ffa8f01819f6f7e7ca86a3,0x56d14a8af29b2e5517ef2158285dc744,1,1
1,1,0xf3379db7f2f8d74284712d99bf6b643a1e66f6d7e524384981550cf41ea2bbb,0x1e9b3ea8bae6461f76bc37f85c6f132e,0x17892407267738f48a0ae6c9e0999b95,0xc100a2fdcc4ec6657590effb1548813ff5e05d554623e9f1852e275d3f3bfc,0x99f65bee59ffa8f01819f6f7e7ca86a3,0x56d14a8af29b2e5517ef2158285dc744,1,1
1,1,0xf3379db7f2f8d74284712d99bf6b643a1e66f6d7e524384981550cf41ea2bbb,0x1e9b3ea8bae6461f76bc37f85c6f132e,0x17892407267738f48a0ae6c9e0999b95,0xc100a2fdcc4ec6657590effb1548813ff5e05d554623e9f1852e275d3f3bfc,0x99f65bee59ffa8f01819f6f7e7ca86a3,0x56d14a8af29b2e5517ef2158285dc744,1,1
1,1,0xf3379db7f2f8d74284712d99bf6b643a1e66f6d7e524384981550cf41ea2bbb,0x1e9b3ea8bae6461f76bc37f85c6f132e,0x17892407267738f48a0ae6c9e0999b95,0xc100a2fdcc4ec6657590effb1548813ff5e05d554623e9f1852e275d3f3bfc,0x99f65bee59ffa8f01819f6f7e7ca86a3,0x56d14a8af29b2e5517ef2158285dc744,1,1
1,0,0x11f4cf9cf92cbd4e55cb49097909d1eb7ef4e232efd287a7ce617ea2fdf5e218,0x7b58305eb2aa3ff8e9b49192b4822685,0x84e6417582b82df64c84659a39513fee,0x11f4cf9cf92cbd4e55cb49097909d1eb7ef4e232efd287a7ce617ea2fdf5e218,0x7b58305eb2aa3ff8e9b49192b4822685,0x84e6417582b82df64c84659a39513fee,1,1
1,0,0x11f4cf9cf92cbd4e55cb49097909d1eb7ef4e232efd287a7ce617ea2fdf5e218,0x7b58305eb2aa3ff8e9b49192b4822685,0x84e6417582b82df64c84659a39513fee,0x11f4cf9cf92cbd4e55cb49097909d1eb7ef4e232efd287a7ce617ea2fdf5e218,0x7b58305eb2aa3ff8e9b49192b4822685,0x84e6417582b82df64c84659a39513fee,1,1
1,0,0x11f4cf9cf92cbd4e55cb49097909d1eb7ef4e232efd287a7ce617ea2fdf5e218,0x7b58305eb2aa3ff8e9b49192b4822685,0x84e6417582b82df64c84659a39513fee,0x11f4cf9cf92cbd4e55cb49097909d1eb7ef4e232efd287a7ce617ea2fdf5e218,0x7b58305eb2aa3ff8e9b49192b4822685,0x84e6417582b82df64c84659a39513fee,1,1
1,1,0x11f4cf9cf92cbd4e55cb49097909d1eb7ef4e232efd287a7ce617ea2fdf5e218,0x7b58305eb2aa3ff8e9b49192b4822685,0x84e6417582b82df64c84659a39513fee,0x11f4cf9cf92cbd4e55cb49097909d1eb7ef4e232efd287a7ce617ea2fdf5e218,0x7b58305eb2aa3ff8e9b49192b4822685,0x84e6417582b82df64c84659a39513fee,1,1
1,1,0x11f4cf9cf92cbd4e55cb49097909d1eb7ef4e232efd287a7ce617ea2fdf5e218,0x7b58305eb2aa3ff8e9b49192b4822685,0x84e6417582b82df64c84659a39513fee,0x11f4cf9cf92cbd4e55cb49097909d1eb7ef4e232efd287a7ce617ea2fdf5e218,0x7b58305eb2aa3ff8e9b49192b4822685,0x84e6417582b82df64c84659a39513fee,1,1
1,0,0x11f4cf9cf92cbd4e55cb49097909d1eb7ef4e232efd287a7ce617ea2fdf5e218,0x7b58305eb2aa3ff8e9b49192b4822685,0x84e6417582b82df64c84659a39513fee,0x11f4cf9cf92cbd4e55cb49097909d1eb7ef4e232efd287a7ce617ea2fdf5e218,0x7b58305eb2aa3ff8e9b49192b4822685,0x84e6417582b82df64c84659a39513fee,1,1
1,0,0x11f4cf9cf92cbd4e55cb49097909d1eb7ef4e232efd287a7ce617ea2fdf5e218,0x7b58305eb2aa3ff8e9b49192b4822685,0x84e6417582b82df64c84659a39513fee,0x11f4cf9cf92cbd4e55cb49097909d1eb7ef4e232efd287a7ce617ea2fdf5e218,0x7b58305eb2aa3ff8e9b49192b4822685,0x84e6417582b82df64c84659a39513fee,1,1
1,1,0x11f4cf9cf92cbd4e55cb49097909d1eb7ef4e232efd287a7ce617ea2fdf5e218,0x7b58305eb2aa3ff8e9b49192b4822685,0x84e6417582b82df64c84659a39513fee,0x11f4cf9cf92cbd4e55cb49097909d1eb7ef4e232efd287a7ce617ea2fdf5e218,0x7b58305eb2aa3ff8e9b49192b4822685,0x84e6417582b82df64c84659a39513fee,1,1
1,1,0x11f4cf9cf92cbd4e55cb49097909d1eb7ef4e232efd287a7ce617ea2fdf5e218,0x7b58305eb2aa3ff8e9b49192b4822685,0x84e6417582b82df64c84659a39513fee,0x11f4cf9cf92cbd4e55cb49097909d1eb7ef4e232efd287a7ce617ea2fdf5e218,0x7b58305eb2aa3ff8e9b49192b4822685,0x84e6417582b82df64c84659a39513fee,1,1
1,0,0x11f4cf9cf92cbd4e55cb49097909d1eb7ef4e232efd287a7ce617ea2fdf5e218,0x7b58305eb2aa3ff8e9b49192b4822685,0x84e6417582b82df64c84659a39513fee,0x11f4cf9cf92cbd4e55cb49097909d1eb7ef4e232efd287a7ce617ea2fdf5e218,0x7b58305eb2aa3ff8e9b49192b4822685,0x84e6417582b82df64c84659a39513fee,1,1
1,0,0x11f4cf9cf92cbd4e55cb49097909d1eb7ef4e232efd287a7ce617ea2fdf5e218,0x7b58305eb2aa3ff8e9b49192b4822685,0x84e6417582b82df64c84659a39513fee,0x11f4cf9cf92cbd4e55cb49097909d1eb7ef4e232efd287a7ce617ea2fdf5e218,0x7b58305eb2aa3ff8e9b49192b4822685,0x84e6417582b82df64c84659a39513fee,1,1
1,1,0x11f4cf9cf92cbd4e55cb49097909d1eb7ef4e232efd287a7ce617ea2fdf5e218,0x7b58305eb2aa3ff8e9b49192b4822685,0x84e6417582b82df64c84659a39513fee,0x11f4cf9cf92cbd4e55cb49097909d1eb7ef4e232efd287a7ce617ea2fdf5e218,0x7b58305eb2aa3ff8e9b49192b4822685,0x84e6417582b82df64c84659a39513fee,1,1
1,0,0x11f4cf9cf92cbd4e55cb49097909d1eb7ef4e232efd287a7ce617ea2fdf5e218,0x7b58305eb2aa3ff8e9b49192b4822685,0x84e6417582b82df64c84659a39513fee,0x11f4cf9cf92cbd4e55cb49097909d1eb7ef4e232efd287a7ce617ea2fdf5e218,0x7b58305eb2aa3ff8e9b49192b4822685,0x84e6417582b82df64c84659a39513fee,1,1
1,0,0xeba5a7f494bb2b134d0909f243adac86042f21fe7f5137180a52a331ccd14e3,0x3868c49f634d7e9e9848d1051ee638ca,0xeaf936be0f8de68b2df4389a6afa26ba,0x1f5ea3f47bf1bbc6ccd74fd280c92dc7148a823c104358e5a45e421baf4636f,0xda1ec13c405e5051bbb067d8abec1ed6,0xfa36e89d0255e89fc077770733552310,1,1
1,1,0xeba5a7f494bb2b134d0909f243adac86042f21fe7f5137180a52a331ccd14e3,0x3868c49f634d7e9e9848d1051ee638ca,0xeaf936be0f8de68b2df4389a6afa26ba,0x1f5ea3f47bf1bbc6ccd74fd280c92dc7148a823c104358e5a45e421baf4636f,0xda1ec13c405e5051bbb067d8abec1ed6,0xfa36e89d0255e89fc077770733552310,1,1
1,1,0xeba5a7f494bb2b134d0909f243adac86042f21fe7f5137180a52a331ccd14e3,0x3868c49f634d7e9e9848d1051ee638ca,0xeaf936be0f8de68b2df4389a6afa26ba,0x1f5ea3f47bf1bbc6ccd74fd280c92dc7148a823c104358e5a45e421baf4636f,0xda1ec13c405e5051bbb067d8abec1ed6,0xfa36e89d0255e89fc077770733552310,1,1
1,1,0xeba5a7f494bb2b134d0909f243adac86042f21fe7f5137180a52a331ccd14e3,0x3868c49f634d7e9e9848d1051ee638ca,0xeaf936be0f8de68b2df4389a6afa26ba,0x1f5ea3f47bf1bbc6ccd74fd280c92dc7148a823c104358e5a45e421baf4636f,0xda1ec13c405e5051bbb067d8abec1ed6,0xfa36e89d0255e89fc077770733552310,1,1
1,1,0xeba5a7f494bb2b134d0909f243adac86042f21fe7f5137180a52a331ccd14e3,0x3868c49f634d7e9e9848d1051ee638ca,0xeaf936be0f8de68b2df4389a6afa26ba,0x1f5ea3f47bf1bbc6ccd74fd280c92dc7148a823c104358e5a45e421baf4636f,0xda1ec13c405e5051bbb067d8abec1ed6,0xfa36e89d0255e89fc077770733552310,1,1
1,1,0xeba5a7f494bb2b134d0909f243adac86042f21fe7f5137180a52a331ccd14e3,0x3868c49f634d7e9e9848d1051ee638ca,0xeaf936be0f8de68b2df4389a6afa26ba,0x1f5ea3f47bf1bbc6ccd74fd280c92dc7148a823c104358e5a45e421baf4636f,0xda1ec13c405e5051bbb067d8abec1ed6,0xfa36e89d0255e89fc077770733552310,1,1
1,0,0x9497ed240a9c6e514c4dbd8e8164567504ace21dc6eb2b9f5f1ae2d5c1b0f22,0x2c20de668dcf93f6fd69f831358e3571,0x70f3d9a00b479d23014c16a17d3766de,0x26a96dc9d5dcab27131cea3781d9da59c033eee779c5ddae1714eb0dd4e5865,0x61e187a78b8461acc9e5af545bcb8852,0x59522414883bb2377e76680454c8acc3,1,1
1,1,0x9497ed240a9c6e514c4dbd8e8164567504ace21dc6eb2b9f5f1ae2d5c1b0f22,0x2c20de668dcf93f6fd69f831358e3571,0x70f3d9a00b479d23014c16a17d3766de,0x26a96dc9d5dcab27131cea3781d9da59c033eee779c5ddae1714eb0dd4e5865,0x61e187a78b8461acc9e5af545bcb8852,0x59522414883bb2377e76680454c8acc3,1,1
1,0,0x11dda97ffc1f7983ee52f7151c9303949b96de1c3ab8ba4d516122654e224647,0x68c466a3d0174b37b01a580a93d87fb2,0xe7d224676a2dffbbdd7f0e1e45cff7d5,0x40438172179d1952eb1ad99de5fe2c3763d17745b06a25793a9074380998114,0xb9117278fdeabb73206750b1996195ef,0x59dd2585b0b99f49609523ca09ce2f5e,1,1
1,0,0xf7fd0ff4d444bccb25eadb72ef91461ed68c8b0532be9040027b66fe9aeffcc,0xc4b793be5461375947575c0e7597b3fb,0xa165463eedd4dfaeeea186bc18ff03fd,0xb274c198dc60bd5a0c51ebc7e31cb8e06268dd2c3bdd7ca102c9224be74a733,0x6f6ee35f78e9136da33fc53515fb6aa,0x5c70b7e2444c5494b2cc6b29acf386ac,1,1
1,1,0xf7fd0ff4d444bccb25eadb72ef91461ed68c8b0532be9040027b66fe9aeffcc,0xc4b793be5461375947575c0e7597b3fb,0xa165463eedd4dfaeeea186bc18ff03fd,0xb274c198dc60bd5a0c51ebc7e31cb8e06268dd2c3bdd7ca102c9224be74a733,0x6f6ee35f78e9136da33fc53515fb6aa,0x5c70b7e2444c5494b2cc6b29acf386ac,1,1
1,1,0xf7fd0ff4d444bccb25eadb72ef91461ed68c8b0532be9040027b66fe9aeffcc,0xc4b793be5461375947575c0e7597b3fb,0xa165463eedd4dfaeeea186bc18ff03fd,0xb274c198dc60bd5a0c51ebc7e31cb8e06268dd2c3bdd7ca102c9224be74a733,0x6f6ee35f78e9136da33fc53515fb6aa,0x5c70b7e2444c5494b2cc6b29acf386ac,1,1
1,1,0xf7fd0ff4d444bccb25eadb72ef91461ed68c8b0532be9040027b66fe9aeffcc,0xc4b793be5461375947575c0e7597b3fb,0xa165463eedd4dfaeeea186bc18ff03fd,0xb274c198dc60bd5a0c51ebc7e31cb8e06268dd2c3bdd7ca102c9224be74a733,0x6f6ee35f78e9136da33fc53515fb6aa,0x5c70b7e2444c5494b2cc6b29acf386ac,1,1
1,0,0x11f4cf9cf92cbd4e55cb49097909d1eb7ef4e232efd287a7ce617ea2fdf5e218,0x7b58305eb2aa3ff8e9b49192b4822685,0x84e6417582b82df64c84659a39513fee,0x11f4cf9cf92cbd4e55cb49097909d1eb7ef4e232efd287a7ce617ea2fdf5e218,0x7b58305eb2aa3ff8e9b49192b4822685,0x84e6417582b82df64c84659a39513fee,1,1
1,0,0xeb96584feee735187fdfe6dca08405d0d5a5bcfd4e2be9da5dcae918289df88,0x67d154ee86baa855d8e1411e1b3a67e6,0xb736d099be0a74bbca098273ccdb94d0,0xda7a44e1ba86663370ef02b5e2a881e2888a05d4576b90fa6ff90fa50f9f2a4,0x1b4ac2371564eb5947b11bbcfa5365ec,0x2b2270e5bc144097708c79ade1db19b4,1,1
1,0,0xf4d62210aacfc47e33ac92588c56b322f90a4799062ebe005f52ef53fc4895b,0xb8eb745804c277dc8191729edd21776b,0x34ff0cf91f5d648aab5bf04b0f188710,0x88251783290549e6a3699c01b7d32219645207463a3b039f70a47082dd670a1,0x6fc458a5fd0fd081b8a92d855b77df3d,0x1d4b7830391d7dbe32365b83723891eb,1,1
1,1,0xf4d62210aacfc47e33ac92588c56b322f90a4799062ebe005f52ef53fc4895b,0xb8eb745804c277dc8191729edd21776b,0x34ff0cf91f5d648aab5bf04b0f188710,0x88251783290549e6a3699c01b7d32219645207463a3b039f70a47082dd670a1,0x6fc458a5fd0fd081b8a92d855b77df3d,0x1d4b7830391d7dbe32365b83723891eb,1,1
1,0,0x71443b42281d3358b22b9351b1fa56fc127b292f6dbdb913abb347ca497b28e,0x996677f0735322cf140c1981e51b67c7,0xefad2dffd7c676bdfb330b3a7e81f4f8,0xbfd86dee7d8d5a4eadf820d382b714f9b44d7f803b837f366cab8a984c40843,0xab60ad87028de4629952162c92cbe4b0,0xbae39935070b91b395c012c10e89e4ce,1,1
1,1,0x71443b42281d3358b22b9351b1fa56fc127b292f6dbdb913abb347ca497b28e,0x996677f0735322cf140c1981e51b67c7,0xefad2dffd7c676bdfb330b3a7e81f4f8,0xbfd86dee7d8d5a4eadf820d382b714f9b44d7f803b837f366cab8a984c40843,0xab60ad87028de4629952162c92cbe4b0,0xbae39935070b91b395c012c10e89e4ce,1,1
1,1,0x71443b42281d3358b22b9351b1fa56fc127b292f6dbdb913abb347ca497b28e,0x996677f0735322cf140c1981e51b67c7,0xefad2dffd7c676bdfb330b3a7e81f4f8,0xbfd86dee7d8d5a4eadf820d382b714f9b44d7f803b837f366cab8a984c40843,0xab60ad87028de4629952162c92cbe4b0,0xbae39935070b91b395c012c10e89e4ce,1,1
1,0,0xb06d8370b09f3ff606cbb032910e052a6e4c26e10c17d1fb4b9359cd7fbe24f,0x97f5fcd4008138508bf9038464cd9c99,0x408c6dd51203a28c0c6bd70a92b9cdeb,0x399d9f32081d01c83dddff43f46ba0b25e0686d3d81e219f37bdfc88de99c4c,0x176d53e8613d4f918eed1da5daf1ae3c,0xc22b82581a5c4dc3eb803bcfede92b4c,1,1
1,0,0x11f4cf9cf92cbd4e55cb49097909d1eb7ef4e232efd287a7ce617ea2fdf5e218,0x7b58305eb2aa3ff8e9b49192b4822685,0x84e6417582b82df64c84659a39513fee,0x11f4cf9cf92cbd4e55cb49097909d1eb7ef4e232efd287a7ce617ea2fdf5e218,0x7b58305eb2aa3ff8e9b49192b4822685,0x84e6417582b82df64c84659a39513fee,1,1
1,0,0x11f4cf9cf92cbd4e55cb49097909d1eb7ef4e232efd287a7ce617ea2fdf5e218,0x7b58305eb2aa3ff8e9b49192b4822685,0x84e6417582b82df64c84659a39513fee,0x11f4cf9cf92cbd4e55cb49097909d1eb7ef4e232efd287a7ce617ea2fdf5e218,0x7b58305eb2aa3ff8e9b49192b4822685,0x84e6417582b82df64c84659a39513fee,1,1
1,0,0x11f4cf9cf92cbd4e55cb49097909d1eb7ef4e232efd287a7ce617ea2fdf5e218,0x7b58305eb2aa3ff8e9b49192b4822685,0x84e6417582b82df64c84659a39513fee,0x11f4cf9cf92cbd4e55cb49097909d1eb7ef4e232efd287a7ce617ea2fdf5e218,0x7b58305eb2aa3ff8e9b49192b4822685,0x84e6417582b82df64c84659a39513fee,1,1
1,1,0x11f4cf9cf92cbd4e55cb49097909d1eb7ef4e232efd287a7ce617ea2fdf5e218,0x7b58305eb2aa3ff8e9b49192b4822685,0x84e6417582b82df64c84659a39513fee,0x11f4cf9cf92cbd4e55cb49097909d1eb7ef4e232efd287a7ce617ea2fdf5e218,0x7b58305eb2aa3ff8e9b49192b4822685,0x84e6417582b82df64c84659a39513fee,1,1
1,0,0xe65b3f3cb539f3ca72c26a5596475fbbbe8d6f582711383643a23220127d24d,0xaaf4faa1ae7c5ebf57efe71bcfb60e4f,0x4bdf2d4302bd5ab2ee330e6dfdae2ba0,0x67dee9731332c7fb1d32ef8009f8451b90acff8ca4e0a70950c1f6887cb115e,0x10f15d0c2d8e18c83cf98c35286a904,0x3b0702c068c3dce99a14dbf35878fa56,1,1
1,0,0x11f4cf9cf92cbd4e55cb49097909d1eb7ef4e232efd287a7ce617ea2fdf5e218,0x7b58305eb2aa3ff8e9b49192b4822685,0x84e6417582b82df64c84659a39513fee,0x11f4cf9cf92cbd4e55cb49097909d1eb7ef4e232efd287a7ce617ea2fdf5e218,0x7b58305eb2aa3ff8e9b49192b4822685,0x84e6417582b82df64c84659a39513fee,1,1
1,0,0x11f4cf9cf92cbd4e55cb49097909d1eb7ef4e232efd287a7ce617ea2fdf5e218,0x7b58305eb2aa3ff8e9b49192b4822685,0x84e6417582b82df64c84659a39513fee,0x11f4cf9cf92cbd4e55cb49097909d1eb7ef4e232efd287a7ce617ea2fdf5e218,0x7b58305eb2aa3ff8e9b49192b4822685,0x84e6417582b82df64c84659a39513fee,1,1
1,1,0x11f4cf9cf92cbd4e55cb49097909d1eb7ef4e232efd287a7ce617ea2fdf5e218,0x7b58305eb2aa3ff8e9b49192b4822685,0x84e6417582b82df64c84659a39513fee,0x11f4cf9cf92cbd4e55cb49097909d1eb7ef4e232efd287a7ce617ea2fdf5e218,0x7b58305eb2aa3ff8e9b49192b4822685,0x84e6417582b82df64c84659a39513fee,1,1
1,0,0x11f4cf9cf92cbd4e55cb49097909d1eb7ef4e232efd287a7ce617ea2fdf5e218,0x7b58305eb2aa3ff8e9b49192b4822685,0x84e6417582b82df64c84659a39513fee,0x11f4cf9cf92cbd4e55cb49097909d1eb7ef4e232efd287a7ce617ea2fdf5e218,0x7b58305eb2aa3ff8e9b49192b4822685,0x84e6417582b82df64c84659a39513fee,1,1
1,0,0x7f7975790e2cb0878d7eb8254173635b9cae59655d237539a1c9974a0581379,0x253528e4920284996a8925cefeeb0e6a,0x458606fd053a274064093569604f8e6e,0x27fe459b2bd85ef08ba7284be6a1b4fa9b4a545e59d261287ac028e35f6e82b,0x893a596ec6b203bf83584d8f2f4f02be,0xad76cab1a21ca92e17dd2ae037626842,1,1
1,1,0x7f7975790e2cb0878d7eb8254173635b9cae59655d237539a1c9974a0581379,0x253528e4920284996a8925cefeeb0e6a,0x458606fd053a274064093569604f8e6e,0x27fe459b2bd85ef08ba7284be6a1b4fa9b4a545e59d261287ac028e35f6e82b,0x893a596ec6b203bf83584d8f2f4f02be,0xad76cab1a21ca92e17dd2ae037626842,1,1
1,1,0x7f7975790e2cb0878d7eb8254173635b9cae59655d237539a1c9974a0581379,0x253528e4920284996a8925cefeeb0e6a,0x458606fd053a274064093569604f8e6e,0x27fe459b2bd85ef08ba7284be6a1b4fa9b4a545e59d261287ac028e35f6e82b,0x893a596ec6b203bf83584d8f2f4f02be,0xad76cab1a21ca92e17dd2ae037626842,1,1
1,0,0xd99a7da9e56fb98b4ea6eed3c97850cb421c0c9677b1ea3b63e0c01c4b483ce,0x34fa32e467be6484e68a4161ac4c5e4a,0x2719eea179e0b75a5d46f518e9351695,0xaf8e105eaad4d16fca08d01c00fd61aaf123407d64915027112b3c60cfd8831,0x93e25146b19d25035c45442b7f816564,0xfdd7f4f78ecf1751db322e4f433ebddb,1,1
1,0,0x11f4cf9cf92cbd4e55cb49097909d1eb7ef4e232efd287a7ce617ea2fdf5e218,0x7b58305eb2aa3ff8e9b49192b4822685,0x84e6417582b82df64c84659a39513fee,0x11f4cf9cf92cbd4e55cb49097909d1eb7ef4e232efd287a7ce617ea2fdf5e218,0x7b58305eb2aa3ff8e9b49192b4822685,0x84e6417582b82df64c84659a39513fee,1,1
1,0,0x5bea17a563b11a2269eb0f03ad5640c66575c8bae12198b49231d8f31ecd0b2,0x1ff3ae2c5fc2d6ad2ff3dc351037ac48,0xf3554d4be537e7149f0270673d57603e,0x26837f96bf42dfb9a3d712aec8a78efede1c2338dc39b0242de37fea474921b,0x4e9372bf2252d05c0db52ea436e3041c,0x5a713dec54f94b5f7dc61cdb72b1d4e4,1,1
1,0,0xa1cc247b921723ca53a59d813f2adb7ca47f8eff00ba49e55550e1f1e544241,0x213aecda3ce19fb0b492f2d261020584,0x1ac635fdda33542e83a1fe01fd6b31d0,0xa3c2340721f49260c1bfe6f137f4b47931e5e10a3783b38d6217452c5e3631b,0x6e9d2bbb52f7afa4b0f564fd8caab588,0x221b66157dade849dedb61e4320e84aa,1,1
1,1,0xa1cc247b921723ca53a59d813f2adb7ca47f8eff00ba49e55550e1f1e544241,0x213aecda3ce19fb0b492f2d261020584,0x1ac635fdda33542e83a1fe01fd6b31d0,0xa3c2340721f49260c1bfe6f137f4b47931e5e10a3783b38d6217452c5e3631b,0x6e9d2bbb52f7afa4b0f564fd8caab588,0x221b66157dade849dedb61e4320e84aa,1,1
1,0,0x796ae7f0e7768674a2636592ea0bca75714cb4d4c3f7136485959f676f7c5e7,0xec791d783bdfbfba883e15d0ee0dfda4,0x6e075d26559c95292b391dcd90bacae2,0xacd579a3134ccf1d08f14c0e5d4de343266be87db4912debc405af578b7dcee,0xcccb598ed1a6a22627830dabe31ad2d9,0x98c4bf81d0af2bd0bd53664239dc195a,1,1
1,0,0x116239c90f29dea8eb2eb35ce5d58473547a3a9ed792e4d6290f835d6bb5784,0x822d955a6ed1f14ba562bd305aa42637,0x9f9958424fbb5350bf6f30b0613b2bfb,0x17b347f7033c75fd492236e39d09e5cc2c69efdae6769eb9f79f33b1bb115fb,0x87cbb16677016c9697796469e2147c37,0xbffa57a3216752a0ee51fa1db31f57c7,1,1
1,1,0x116239c90f29dea8eb2eb35ce5d58473547a3a9ed792e4d6290f835d6bb5784,0x822d955a6ed1f14ba562bd305aa42637,0x9f9958424fbb5350bf6f30b0613b2bfb,0x17b347f7033c75fd492236e39d09e5cc2c69efdae6769eb9f79f33b1bb115fb,0x87cbb16677016c9697796469e2147c37,0xbffa57a3216752a0ee51fa1db31f57c7,1,1
1,1,0x116239c90f29dea8eb2eb35ce5d58473547a3a9ed792e4d6290f835d6bb5784,0x822d955a6ed1f14ba562bd305aa42637,0x9f9958424fbb5350bf6f30b0613b2bfb,0x17b347f7033c75fd492236e39d09e5cc2c69efdae6769eb9f79f33b1bb115fb,0x87cbb16677016c9697796469e2147c37,0xbffa57a3216752a0ee51fa1db31f57c7,1,1
1,1,0x116239c90f29dea8eb2eb35ce5d58473547a3a9ed792e4d6290f835d6bb5784,0x822d955a6ed1f14ba562bd305aa42637,0x9f9958424fbb5350bf6f30b0613b2bfb,0x17b347f7033c75fd492236e39d09e5cc2c69efdae6769eb9f79f33b1bb115fb,0x87cbb16677016c9697796469e2147c37,0xbffa57a3216752a0ee51fa1db31f57c7,1,1
1,0,0x11f4cf9cf92cbd4e55cb49097909d1eb7ef4e232efd287a7ce617ea2fdf5e218,0x7b58305eb2aa3ff8e9b49192b4822685,0x84e6417582b82df64c84659a39513fee,0x11f4cf9cf92cbd4e55cb49097909d1eb7ef4e232efd287a7ce617ea2fdf5e218,0x7b58305eb2aa3ff8e9b49192b4822685,0x84e6417582b82df64c84659a39513fee,1,1
1,1,0x11f4cf9cf92cbd4e55cb49097909d1eb7ef4e232efd287a7ce617ea2fdf5e218,0x7b58305eb2aa3ff8e9b49192b4822685,0x84e6417582b82df64c84659a39513fee,0x11f4cf9cf92cbd4e55cb49097909d1eb7ef4e232efd287a7ce617ea2fdf5e218,0x7b58305eb2aa3ff8e9b49192b4822685,0x84e6417582b82df64c84659a39513fee,1,1
1,0,0xd1d5e6d96a0e33007d3daebfa972d03b7bb67b8a4fba812376fafd30b814704,0x367de3aa93d6405aa1979452414d0cdc,0x6bf078a86cb81f1183a28736513743d,0x9cd2fb59f7dad863b6b37a8c3c9528f06ec271a54c93a71092721eec697ac27,0xbfe496d60e90db539af391782c0670fe,0xa4f0d1cab3eec2f400490037c5ba0169,1,1
1,1,0xd1d5e6d96a0e33007d3daebfa972d03b7bb67b8a4fba812376fafd30b814704,0x367de3aa93d6405aa1979452414d0cdc,0x6bf078a86cb81f1183a28736513743d,0x9cd2fb59f7dad863b6b37a8c3c9528f06ec271a54c93a71092721eec697ac27,0xbfe496d60e90db539af391782c0670fe,0xa4f0d1cab3eec2f400490037c5ba0169,1,1
1,1,0xd1d5e6d96a0e33007d3daebfa972d03b7bb67b8a4fba812376fafd30b814704,0x367de3aa93d6405aa1979452414d0cdc,0x6bf078a86cb81f1183a28736513743d,0x9cd2fb59f7dad863b6b37a8c3c9528f06ec271a54c93a71092721eec697ac27,0xbfe496d60e90db539af391782c0670fe,0xa4f0d1cab3eec2f400490037c5ba0169,1,1
1,1,0xd1d5e6d96a0e33007d3daebfa972d03b7bb67b8a4fba812376fafd30b814704,0x367de3aa93d6405aa1979452414d0cdc,0x6bf078a86cb81f1183a28736513743d,0x9cd2fb59f7dad863b6b37a8c3c9528f06ec271a54c93a71092721eec697ac27,0xbfe496d60e90db539af391782c0670fe,0xa4f0d1cab3eec2f400490037c5ba0169,1,1
1,1,0xd1d5e6d96a0e33007d3daebfa972d03b7bb67b8a4fba812376fafd30b814704,0x367de3aa93d6405aa1979452414d0cdc,0x6bf078a86cb81f1183a28736513743d,0x9cd2fb59f7dad863b6b37a8c3c9528f06ec271a54c93a71092721eec697ac27,0xbfe496d60e90db539af391782c0670fe,0xa4f0d1cab3eec2f400490037c5ba0169,1,1
1,0,0x420d1987d554b6040ffba354fd3a6576573e7f3810ba3b3b2f736e2c00e9dda,0x45f250aaf0d881ad86fd62235b890968,0x161cfd2a0b591cdec5d674da238d44ec,0x81014394cb2b477fdf0397ba51717657ed1a993e7e63adec55566a48b8514e3,0xa42d146920d3d2b1c04e35e6d5e9ac35,0x538bcdb7739f910e8a0f6fe3debc5b63,1,1
1,0,0xf145fbeb995facc396b62d73b9e1c297c83d119979e46ae16c4c0ba90e9e7f0,0xc18d0cb6b60e7b046159269197812020,0x58219a1662aaf165a8ab4347b2ebb7cb,0x793fd3a2d8d31c45f9a7a6061e30e86f155b66c957857d3d9730a89838e0005,0x1218bf4befbdf3e2ed280eee79c6244b,0xb87e7320bd4f43381dd6fab8225ee35b,1,1
1,0,0xd6a6e52cbcaa5cae42454038466557a5cd4abb2f1f506c38058f99534656c2b,0x693ffec3234e977ec90a1621671fc139,0xab030541519cc12965b9a5cbf2c77a1e,0xddd15c05722d7a7dc6bdfd70148fb4e3c7def7827ee62ae03ef58254ff2606d,0x1890b5f936f617ac7113888c43869db5,0x7d23a9e21d81075a387f257cef69fe5c,1,1
1,1,0xd6a6e52cbcaa5cae42454038466557a5cd4abb2f1f506c38058f99534656c2b,0x693ffec3234e977ec90a1621671fc139,0xab030541519cc12965b9a5cbf2c77a1e,0xddd15c05722d7a7dc6bdfd70148fb4e3c7def7827ee62ae03ef58254ff2606d,0x1890b5f936f617ac7113888c43869db5,0x7d23a9e21d81075a387f257cef69fe5c,1,1
1,1,0xd6a6e52cbcaa5cae42454038466557a5cd4abb2f1f506c38058f99534656c2b,0x693ffec3234e977ec90a1621671fc139,0xab030541519cc12965b9a5cbf2c77a1e,0xddd15c05722d7a7dc6bdfd70148fb4e3c7def7827ee62ae03ef58254ff2606d,0x1890b5f936f617ac7113888c43869db5,0x7d23a9e21d81075a387f257cef69fe5c,1,1
1,0,0x8f086a265ddaf5da1a35f983e62bbec4ec4dfdf413039443259f52fb23ea4eb,0xfd91aec846780f1852cd426d65d44855,0xe718a2a754d056208c69b68459c3b26f,0xc946b7b62e3bca7c3f058a6f859e049360260f986fc355cd1cbea6ac1fd8fb,0x99ab3b350754f7e6ce970feda3d868d1,0x25eaa8907d9362650dafa0ccf15a92ee,1,1
1,0,0x11f4cf9cf92cbd4e55cb49097909d1eb7ef4e232efd287a7ce617ea2fdf5e218,0x7b58305eb2aa3ff8e9b49192b4822685,0x84e6417582b82df64c84659a39513fee,0x11f4cf9cf92cbd4e55cb49097909d1eb7ef4e232efd287a7ce617ea2fdf5e218,0x7b58305eb2aa3ff8e9b49192b4822685,0x84e6417582b82df64c84659a39513fee,1,1
1,1,0x11f4cf9cf92cbd4e55cb49097909d1eb7ef4e232efd287a7ce617ea2fdf5e218,0x7b58305eb2aa3ff8e9b49192b4822685,0x84e6417582b82df64c84659a39513fee,0x11f4cf9cf92cbd4e55cb49097909d1eb7ef4e232efd287a7ce617ea2fdf5e218,0x7b58305eb2aa3ff8e9b49192b4822685,0x84e6417582b82df64c84659a39513fee,1,1
1,0,0x4e2c8d4fabfff1e591ab2acdd75674750c586ecc05f542cfb86233dc2ed5eaa,0x9e41a5832437ba0671ae6d781779d3d7,0x29f117b1828ab9c05f55d192b367e7be,0x69a4895fc7362c6c7798ad803b824c400b247fae0fbcfeda2b416fdec3c716f,0x969a1b2e513f1ddbb09b13ebb6b89bc6,0xbccff59d5aedff5844b8dcc41e9c0f1f,1,1
1,1,0x4e2c8d4fabfff1e591ab2acdd75674750c586ecc05f542cfb86233dc2ed5eaa,0x9e41a5832437ba0671ae6d781779d3d7,0x29f117b1828ab9c05f55d192b367e7be,0x69a4895fc7362c6c7798ad803b824c400b247fae0fbcfeda2b416fdec3c716f,0x969a1b2e513f1ddbb09b13ebb6b89bc6,0xbccff59d5aedff5844b8dcc41e9c0f1f,1,1
1,0,0x2862cfaf050a1d322c3f7d18d456beb01be8ba64ad1264470c30c17e7e1790e,0x261e5ce06c9c233678bd07d3e525811d,0x85b04ea749f468f87cc2a5b094573cd4,0x121121cf43252bc791c61474300d6f0b2e20c3b0a3f83abef1d3f2b624501aa3,0x4fec8a94b5955ef50c4bc2938adc5b43,0x51f54908c4ec3ff9edbe10f6eb2258a2,1,1
1,0,0x5a5d5dec422a16c0c12c66b484e8fc60548e70be104d8ef619d41897ca2eebe,0xd0def8949c5f9ec76796b37b49fb50a1,0x367c115fbc0d7ccb87ef7ed68916a6c4,0x3fb628afd3f9b4f19d5d7796090d2ad6f54b1847f500f05c84e1ee7132738df,0xf2ced2092bce766fcbeeb41786388267,0x9ecfa5aa99914e46fde587c3e3297d92,1,1
1,0,0x3070970d5198b56e2eecc42efee353fdf0e43695bf647d9f09ea2d1764409c8,0x812fe3c9b5d115fa99cd91af1e9d5845,0x9b3848d64d3c8886632807df3bef85ac,0x3427471c4b44e9a3b05d740e993b2fb2be6eae715b36d6f84424769c4d79566,0x2c3ba52aa2c409fcb2195d8cbf7f3a91,0x44d41978512d9944495774ad0de481c,1,1
1,1,0x3070970d5198b56e2eecc42efee353fdf0e43695bf647d9f09ea2d1764409c8,0x812fe3c9b5d115fa99cd91af1e9d5845,0x9b3848d64d3c8886632807df3bef85ac,0x3427471c4b44e9a3b05d740e993b2fb2be6eae715b36d6f84424769c4d79566,0x2c3ba52aa2c409fcb2195d8cbf7f3a91,0x44d41978512d9944495774ad0de481c,1,1
1,0,0x11f4cf9cf92cbd4e55cb49097909d1eb7ef4e232efd287a7ce617ea2fdf5e218,0x7b58305eb2aa3ff8e9b49192b4822685,0x84e6417582b82df64c84659a39513fee,0x11f4cf9cf92cbd4e55cb49097909d1eb7ef4e232efd287a7ce617ea2fdf5e218,0x7b58305eb2aa3ff8e9b49192b4822685,0x84e6417582b82df64c84659a39513fee,1,1
1,1,0x11f4cf9cf92cbd4e55cb49097909d1eb7ef4e232efd287a7ce617ea2fdf5e218,0x7b58305eb2aa3ff8e9b49192b4822685,0x84e6417582b82df64c84659a39513fee,0x11f4cf9cf92cbd4e55cb49097909d1eb7ef4e232efd287a7ce617ea2fdf5e218,0x7b58305eb2aa3ff8e9b49192b4822685,0x84e6417582b82df64c84659a39513fee,1,1
1,0,0xe81a73fb7fc1d5f975a0de58e37a3b32e77aa8e1ebf824828010167b7d2e596,0x7c2d2cada376264dc0d4c2817d81c4cc,0xe4cb9b7db79b0d56d57cd4d431ac0dc4,0x371a1c7d8773ffc74132a9b5b4a29cc42426066f085347901ba75d2baf8e4a8,0x41e7bc4990bbfa88b2a2d2f5947c7b02,0x3cb483e4076d7dc2913f20ef5483ea80,1,1
1,0,0x11f4cf9cf92cbd4e55cb49097909d1eb7ef4e232efd287a7ce617ea2fdf5e218,0x7b58305eb2aa3ff8e9b49192b4822685,0x84e6417582b82df64c84659a39513fee,0x11f4cf9cf92cbd4e55cb49097909d1eb7ef4e232efd287a7ce617ea2fdf5e218,0x7b58305eb2aa3ff8e9b49192b4822685,0x84e6417582b82df64c84659a39513fee,1,1
1,1,0x11f4cf9cf92cbd4e55cb49097909d1eb7ef4e232efd287a7ce617ea2fdf5e218,0x7b58305eb2aa3ff8e9b49192b4822685,0x84e6417582b82df64c84659a39513fee,0x11f4cf9cf92cbd4e55cb49097909d1eb7ef4e232efd287a7ce617ea2fdf5e218,0x7b58305eb2aa3ff8e9b49192b4822685,0x84e6417582b82df64c84659a39513fee,1,1
1,1,0x11f4cf9cf92cbd4e55cb49097909d1eb7ef4e232efd287a7ce617ea2fdf5e218,0x7b58305eb2aa3ff8e9b49192b4822685,0x84e6417582b82df64c84659a39513fee,0x11f4cf9cf92cbd4e55cb49097909d1eb7ef4e232efd287a7ce617ea2fdf5e218,0x7b58305eb2aa3ff8e9b49192b4822685,0x84e6417582b82df64c84659a39513fee,1,1
1,1,0x11f4cf9cf92cbd4e55cb49097909d1eb7ef4e232efd287a7ce617ea2fdf5e218,0x7b58305eb2aa3ff8e9b49192b4822685,0x84e6417582b82df64c84659a39513fee,0x11f4cf9cf92cbd4e55cb49097909d1eb7ef4e232efd287a7ce617ea2fdf5e218,0x7b58305eb2aa3ff8e9b49192b4822685,0x84e6417582b82df64c84659a39513fee,1,1
1,1,0x11f4cf9cf92cbd4e55cb49097909d1eb7ef4e232efd287a7ce617ea2fdf5e218,0x7b58305eb2aa3ff8e9b49192b4822685,0x84e6417582b82df64c84659a39513fee,0x11f4cf9cf92cbd4e55cb49097909d1eb7ef4e232efd287a7ce617ea2fdf5e218,0x7b58305eb2aa3ff8e9b49192b4822685,0x84e6417582b82df64c84659a39513fee,1,1
1,1,0x11f4cf9cf92cbd4e55cb49097909d1eb7ef4e232efd287a7ce617ea2fdf5e218,0x7b58305eb2aa3ff8e9b49192b4822685,0x84e6417582b82df64c84659a39513fee,0x11f4cf9cf92cbd4e55cb49097909d1eb7ef4e232efd287a7ce617ea2fdf5e218,0x7b58305eb2aa3ff8e9b49192b4822685,0x84e6417582b82df64c84659a39513fee,1,1
1,1,0x11f4cf9cf92cbd4e55cb49097909d1eb7ef4e232efd287a7ce617ea2fdf5e218,0x7b58305eb2aa3ff8e9b49192b4822685,0x84e6417582b82df64c84659a39513fee,0x11f4cf9cf92cbd4e55cb49097909d1eb7ef4e232efd287a7ce617ea2fdf5e218,0x7b58305eb2aa3ff8e9b49192b4822685,0x84e6417582b82df64c84659a39513fee,1,1
1,0,0xa9792e72211e53e07acc386714411841e3e18857851749e1db4a8534521ab3b,0xea43ba6d00ff5ff081c2a2f50871046a,0xa659b39355270b717571c1c037aa746b,0x5b8ed2eb2864e98cce0e9a02cabfd8602747c9a693f90dcd12dca32080729f9,0xa2a469704b2f6ea77e4261cca30328ce,0x51bc6a4e45ea73ead9a9707672edef88,1,1
1,1,0xa9792e72211e53e07acc386714411841e3e18857851749e1db4a8534521ab3b,0xea43ba6d00ff5ff081c2a2f50871046a,0xa659b39355270b717571c1c037aa746b,0x5b8ed2eb2864e98cce0e9a02cabfd8602747c9a693f90dcd12dca32080729f9,0xa2a469704b2f6ea77e4261cca30328ce,0x51bc6a4e45ea73ead9a9707672edef88,1,1
1,0,0x11f4cf9cf92cbd4e55cb49097909d1eb7ef4e232efd287a7ce617ea2fdf5e218,0x7b58305eb2aa3ff8e9b49192b4822685,0x84e6417582b82df64c84659a39513fee,0x11f4cf9cf92cbd4e55cb49097909d1eb7ef4e232efd287a7ce617ea2fdf5e218,0x7b58305eb2aa3ff8e9b49192b4822685,0x84e6417582b82df64c84659a39513fee,1,1
1,1,0x11f4cf9cf92cbd4e55cb49097909d1eb7ef4e232efd287a7ce617ea2fdf5e218,0x7b58305eb2aa3ff8e9b49192b4822685,0x84e6417582b82df64c84659a39513fee,0x11f4cf9cf92cbd4e55cb49097909d1eb7ef4e232efd287a7ce617ea2fdf5e218,0x7b58305eb2aa3ff8e9b49192b4822685,0x84e6417582b82df64c84659a39513fee,1,1
1,0,0x71ba533388576c9a957c746457e4feb21de3260fa61c5230fb40c59f2534493,0x30a7c00888e0041fedddd38732d3af98,0xa287c298774bc224c4ec8aac432d3474,0x6e437929ba3096222cc08f6a10bfca20537ba78298548dc76126ee83960be74,0xdb637f3876071b109b6a9e4fbb961259,0xf841c2c1c3fa07ae3984fac6a8ad4ddb,1,1
1,1,0x71ba533388576c9a957c746457e4feb21de3260fa61c5230fb40c59f2534493,0x30a7c00888e0041fedddd38732d3af98,0xa287c298774bc224c4ec8aac432d3474,0x6e437929ba3096222cc08f6a10bfca20537ba78298548dc76126ee83960be74,0xdb637f3876071b109b6a9e4fbb961259,0xf841c2c1c3fa07ae3984fac6a8ad4ddb,1,1
1,1,0x71ba533388576c9a957c746457e4feb21de3260fa61c5230fb40c59f2534493,0x30a7c00888e0041fedddd38732d3af98,0xa287c298774bc224c4ec8aac432d3474,0x6e437929ba3096222cc08f6a10bfca20537ba78298548dc76126ee83960be74,0xdb637f3876071b109b6a9e4fbb961259,0xf841c2c1c3fa07ae3984fac6a8ad4ddb,1,1
1,1,0x71ba533388576c9a957c746457e4feb21de3260fa61c5230fb40c59f2534493,0x30a7c00888e0041fedddd38732d3af98,0xa287c298774bc224c4ec8aac432d3474,0x6e437929ba3096222cc08f6a10bfca20537ba78298548dc76126ee83960be74,0xdb637f3876071b109b6a9e4fbb961259,0xf841c2c1c3fa07ae3984fac6a8ad4ddb,1,1
1,0,0x9348320796205bdacdf734d12dd7d0add3ac27e87caddf99f1765bb89886a5a,0x3de923a685d5e3f2d634b891db64403d,0xe8460a5be4c18d2f5fc5ca8c6e0ef209,0x249cb31042b5b8b0f19a18a04239ae5691442c48b329e488680be2897b4f839,0x66f127bb16fe5c6d85fe3fe55c1adadb,0x87b6a3c85d0b22d5ffaad98f65515163,1,1
