ID,DATA_POINT_EVALUATION,RSLT_POINT_EVALUATION,INDEX,CT,IS_FIRST_INPUT,IS_SECOND_INPUT,CIRCUIT_SELECTOR_POINT_EVALUATION,CIRCUIT_SELECTOR_POINT_EVALUATION_FAILURE,LIMB
0,1,0,0,0,1,0,1,0,0x01ebafe97d6875d272c58da0fbaa7433
0,1,0,1,1,1,0,1,0,0x0eaa8200f9649082458cbf049685affc
0,1,0,2,2,1,0,1,0,0x0857db27096f332a654b08efcd4ccfdb
0,1,0,3,3,1,0,1,0,0x853c4a60089cb88c8b7f95254711a952
0,1,0,4,4,1,0,1,0,0x31f395beb92f53a72bee1367784382df
0,1,0,5,5,1,0,1,0,0xac1f73db6fa0b98538367d9804b0d795
0,1,0,6,6,1,0,1,0,0x932e3821e04f9224aae3f677423be5a1
0,1,0,7,7,1,0,1,0,0x9a35bdb45eb6cd2fdccd2465cdc95a7c
0,1,0,8,8,1,0,1,0,0xe9ec6767d5c78e43be3fb1dd94bbeb87
0,1,0,9,9,1,0,1,0,0x9619c6c8596d69ba217141178476c8e2
0,1,0,10,10,1,0,1,0,0x94cb512d126fcd29e049a1739f0f775a
0,1,0,11,11,1,0,1,0,0x3a9c45d9764901af8c621401bee516dd
0,0,1,0,0,0,0,1,0,0x00000000000000000000000000000000
0,0,1,1,1,0,0,1,0,0x00000000000000000000000000001000
0,0,1,2,2,0,0,1,0,0x73eda753299d7d483339d80809a1d805
0,0,1,3,3,0,0,1,0,0x53bda402fffe5bfeffffffff00000001
1,1,0,0,0,1,0,0,1,0x018294e0800761732078c88146d80fa9
1,1,0,1,1,1,0,0,1,0x00ab871bd97d365d652671ad5d853fa9
1,1,0,2,2,1,0,0,1,0x73a2a1e1f69921023df0c7e8da62fbb0
1,1,0,3,3,1,0,0,1,0x9e23be016e25473f580bcf1b79b5699e
1,1,0,4,4,1,0,0,1,0x3e9e824a540bade09fe43b70d167bacc
1,1,0,5,5,1,0,0,1,0xbea91efb50776f8a30777c5f97f3ee33
1,1,0,6,6,1,0,0,1,0x94e02c05350147d3de3e52a0ac791680
1,1,0,7,7,1,0,0,1,0xab8c8cebf89d9e96b22cf3189be9b4d5
1,1,0,8,8,1,0,0,1,0xce8c15043dfaf1feba91ee0029cbc5f8
1,1,0,9,9,1,0,0,1,0x96f068ecb21124575c426d3426924a48
1,1,0,10,10,1,0,0,1,0xd7137cdc88e72ebd3b2b37179d70cb5f
1,1,0,11,11,1,0,0,1,0xb9b81ec2f6193278f9cae642784f0b0a
1,0,1,0,0,0,0,0,1,0x00000000000000000000000000000000
1,0,1,1,1,0,0,0,1,0x00000000000000000000000000001000
1,0,1,2,2,0,0,0,1,0x73eda753299d7d483339d80809a1d805
1,0,1,3,3,0,0,0,1,0x53bda402fffe5bfeffffffff00000001
2,1,0,0,0,1,0,1,0,0x01b22e6dd0f04aab817bfccbfbe453aa
2,1,0,1,1,1,0,1,0,0x783044186436a7c53c88fb2692867025
2,1,0,2,2,1,0,1,0,0x53e2832d165d0960c0e0db8188afbd71
2,1,0,3,3,1,0,1,0,0x7e72a6c3f4d5fef9f7cac7b3da1ba30e
2,1,0,4,4,1,0,1,0,0x008ce8910544fbce5658f254e51dbf18
2,1,0,5,5,1,0,1,0,0xb11311bcfefc82a71e38aa48e77718e2
2,1,0,6,6,1,0,1,0,0x926e49ed0f3429c406646cd474ee9902
2,1,0,7,7,1,0,1,0,0x3f3b1ab4517ae7122570efa3fc6acb5a
2,1,0,8,8,1,0,1,0,0xf0db7bef832d77fa27e594f01160166e
2,1,0,9,9,1,0,1,0,0xb7ba4696e6e790da79ac8ed0045aeebc
2,1,0,10,10,1,0,1,0,0x6567a16966da40cfbf771c247b120c57
2,1,0,11,11,1,0,1,0,0xa2b53be91568cb897e57f414fd96e54a
2,0,1,0,0,0,0,1,0,0x00000000000000000000000000000000
2,0,1,1,1,0,0,1,0,0x00000000000000000000000000001000
2,0,1,2,2,0,0,1,0,0x73eda753299d7d483339d80809a1d805
2,0,1,3,3,0,0,1,0,0x53bda402fffe5bfeffffffff00000001
3,1,0,0,0,1,0,0,1,0x015c6e0b05b3f98fe06052a7dafc9679
3,1,0,1,1,1,0,0,1,0xf665ed956a92e5ddc1de5e05e0b2076d
3,1,0,2,2,1,0,0,1,0x68dd9edb33ce3fd43e20f3923d250e17
3,1,0,3,3,1,0,0,1,0xc288a937cc54ee1540703afde981d070
3,1,0,4,4,1,0,0,1,0x2db1422261465e27badc3a014892ee20
3,1,0,5,5,1,0,0,1,0x8b52580ad3723541911abc5ab3162527
3,1,0,6,6,1,0,0,1,0x8a8ef00bbd3539d3d5dfee7c62be406b
3,1,0,7,7,1,0,0,1,0x1d9cb463674399c4b4b13a12064fdb89
3,1,0,8,8,1,0,0,1,0xb46ec1cb9772b37469e80b4ad9f6726c
3,1,0,9,9,1,0,0,1,0xa40fae51fba1daf252f014bdc684fd6c
3,1,0,10,10,1,0,0,1,0x5cc97a2eaea12229204040d403f9bbdf
3,1,0,11,11,1,0,0,1,0xd48eb68f091b360136e73f2b92768f02
3,0,1,0,0,0,0,0,1,0x00000000000000000000000000000000
3,0,1,1,1,0,0,0,1,0x00000000000000000000000000001000
3,0,1,2,2,0,0,0,1,0x73eda753299d7d483339d80809a1d805
3,0,1,3,3,0,0,0,1,0x53bda402fffe5bfeffffffff00000001
4,1,0,0,0,1,0,1,0,0x01f04c0766de350715eb827c6d974938
4,1,0,1,1,1,0,1,0,0x8b5aaabe1b8037f80144e7551dc5fb88
4,1,0,2,2,1,0,1,0,0x370fdc485c840f5286adaba8f51544bb
4,1,0,3,3,1,0,1,0,0xd1800500c37d15011d89bcb7506f92df
4,1,0,4,4,1,0,1,0,0x605d3429876a128303ebbdef6d31481a
4,1,0,5,5,1,0,1,0,0xc771855e4460f6aa62bc1da047af19c6
4,1,0,6,6,1,0,1,0,0x8756cedc07c1cd0a9e2f7cf40388f00c
4,1,0,7,7,1,0,1,0,0xcd31d02639df6dbcabc9bf632ac0dd89
4,1,0,8,8,1,0,1,0,0xcdf20983f0c1f974a6c7c929426a9699
4,1,0,9,9,1,0,1,0,0x8d99ff087e6e5d18ac747714071b5ace
4,1,0,10,10,1,0,1,0,0x730f25725aa484f71afbfa14a748bbac
4,1,0,11,11,1,0,1,0,0x6bb1198579af29668c6251d39390782d
4,0,1,0,0,0,0,1,0,0x00000000000000000000000000000000
4,0,1,1,1,0,0,1,0,0x00000000000000000000000000001000
4,0,1,2,2,0,0,1,0,0x73eda753299d7d483339d80809a1d805
4,0,1,3,3,0,0,1,0,0x53bda402fffe5bfeffffffff00000001
5,1,0,0,0,1,0,0,1,0x0163e78166153944e197d770674cdfdb
5,1,0,1,1,1,0,0,1,0x905e94051240ddf060eac60c24d4ab55
5,1,0,2,2,1,0,0,1,0x6992243d284d989da69445f7e2979ead
5,1,0,3,3,1,0,0,1,0xf01a3ad3f5b1a515c4ce4bdf94137d2a
5,1,0,4,4,1,0,0,1,0x3a9da09703240e89afd0e425f9a47204
5,1,0,5,5,1,0,0,1,0x61ff9b308be39910f1e559903e78e8f8
5,1,0,6,6,1,0,0,1,0x87cf8e71d8b6cb9bcf141166d6322eba
5,1,0,7,7,1,0,0,1,0xfbca3253e1ea0be3fecd72de71cec0e2
5,1,0,8,8,1,0,0,1,0x5efeb279d10202c0de3a7ef370a9038d
5,1,0,9,9,1,0,0,1,0x98071e24ce19e02574496fe38ecae0a2
5,1,0,10,10,1,0,0,1,0xa26777f32b68037cb1746c5b46dd1d8c
5,1,0,11,11,1,0,0,1,0x99429287d426038a6ef8a371edaf1cd2
5,0,1,0,0,0,0,0,1,0x00000000000000000000000000000000
5,0,1,1,1,0,0,0,1,0x00000000000000000000000000001000
5,0,1,2,2,0,0,0,1,0x73eda753299d7d483339d80809a1d805
5,0,1,3,3,0,0,0,1,0x53bda402fffe5bfeffffffff00000001
6,1,0,0,0,1,0,0,1,0x01d6ad5b4bff35ffb070de92b1341a08
6,1,0,1,1,1,0,0,1,0x56286182e96b9fe1c42b712f987b2e37
6,1,0,2,2,1,0,0,1,0x1f71b749c6d3a983b9bd354fc7a6dbfb
6,1,0,3,3,1,0,0,1,0xed2b5a193b961169036f5d762a72651e
6,1,0,4,4,1,0,0,1,0x2d76a4721c6bd7115bfa3f15bea5c4fa
6,1,0,5,5,1,0,0,1,0x504ba848b9608690b01ae6b37aeb9cad
6,1,0,6,6,1,0,0,1,0x919e30ddda0041176b21c1058fcfa66a
6,1,0,7,7,1,0,0,1,0x47660416367a662e4e6de4df4e2dca2b
6,1,0,8,8,1,0,0,1,0x8b81982532433c70a2908eb683299fbb
6,1,0,9,9,1,0,0,1,0xaa9fb4b71c371940963db17c85b439e0
6,1,0,10,10,1,0,0,1,0x72274083feda15c6a05b86ea8a41f9bb
6,1,0,11,11,1,0,0,1,0xd2fa8456d202aa9618090be3de0236de
6,0,1,0,0,0,0,0,1,0x00000000000000000000000000000000
6,0,1,1,1,0,0,0,1,0x00000000000000000000000000001000
6,0,1,2,2,0,0,0,1,0x73eda753299d7d483339d80809a1d805
6,0,1,3,3,0,0,0,1,0x53bda402fffe5bfeffffffff00000001
7,1,0,0,0,1,0,0,1,0x0129b823ffba461370bd4be6b447ae56
7,1,0,1,1,1,0,0,1,0x7db5d52229bcf9f6bffa1ca56ed21d38
7,1,0,2,2,1,0,0,1,0x33d80483569a93b51ad2a28e7e995cb2
7,1,0,3,3,1,0,0,1,0x89498857001f627f062cf553cdedc95c
7,1,0,4,4,1,0,0,1,0x20c043819325de3af50591653ec24c96
7,1,0,5,5,1,0,0,1,0x573c63ff87435dcc21055fca6978ee8e
7,1,0,6,6,1,0,0,1,0x9129ffccdf990c0eb03e56fc7bd78385
7,1,0,7,7,1,0,0,1,0x5865284f7b4d96449da19b0612338b4f
7,1,0,8,8,1,0,0,1,0x8114f6097aa7985e233c310abad46fbf
7,1,0,9,9,1,0,0,1,0xb18688f8810b241a037960ccdf989db2
7,1,0,10,10,1,0,0,1,0x21036fe69896d6d5dd86f4837b522778
7,1,0,11,11,1,0,0,1,0xe34b5a83a388a528ec6768b630902566
7,0,1,0,0,0,0,0,1,0x00000000000000000000000000000000
7,0,1,1,1,0,0,0,1,0x00000000000000000000000000001000
7,0,1,2,2,0,0,0,1,0x73eda753299d7d483339d80809a1d805
7,0,1,3,3,0,0,0,1,0x53bda402fffe5bfeffffffff00000001
8,1,0,0,0,1,0,0,1,0x01788dd1391000f8f3f73d0411af11eb
8,1,0,1,1,1,0,0,1,0x3001fbf43d69df9494da430d9b150c09
8,1,0,2,2,1,0,0,1,0x659c4a06336808994184219fc478a181
8,1,0,3,3,1,0,0,1,0x32f71ef903e00b9b8e69b1ce48351cf3
8,1,0,4,4,1,0,0,1,0x2336283e3a01abf0f58f844eeca6f256
8,1,0,5,5,1,0,0,1,0x356ddf3e420610a890e07bc0a93c423e
8,1,0,6,6,1,0,0,1,0x90720de5cb90a42acf4a74172275df6e
8,1,0,7,7,1,0,0,1,0xb5257d76dee527e3bcd14180913d9a5c
8,1,0,8,8,1,0,0,1,0x70525ed7f6ea6677ce06fdaa17288297
8,1,0,9,9,1,0,0,1,0x93f0cafaba7c9001c1eeb97ec0f434ef
8,1,0,10,10,1,0,0,1,0x1e0ae55604d3de8f2edd400ad34590f2
8,1,0,11,11,1,0,0,1,0x057fd3d0532217c793546f2155ef8e27
8,0,1,0,0,0,0,0,1,0x00000000000000000000000000000000
8,0,1,1,1,0,0,0,1,0x00000000000000000000000000001000
8,0,1,2,2,0,0,0,1,0x73eda753299d7d483339d80809a1d805
8,0,1,3,3,0,0,0,1,0x53bda402fffe5bfeffffffff00000001
9,1,0,0,0,1,0,0,1,0x016495a5616b40f0bf1887cecea43393
9,1,0,1,1,1,0,0,1,0xe0c2568407fdd5b56be33bb9b2aa3811
9,1,0,2,2,1,0,0,1,0x6b6eea084e0e2283cd5db22a42edd7c5
9,1,0,3,3,1,0,0,1,0x14893da9775ed1f396235c3a0bcca2fe
9,1,0,4,4,1,0,0,1,0x604eb47aeec974b7575cb16f56c06a0b
9,1,0,5,5,1,0,0,1,0x9f417099224a74f40a1e24256ec5165f
9,1,0,6,6,1,0,0,1,0x86402b8188ed7cd64ccffa9b2c86f426
9,1,0,7,7,1,0,0,1,0xa17d97443773bfb06b55775d9b52a399
9,1,0,8,8,1,0,0,1,0x237cb4fe87fe201f82e1975e48ac2994
9,1,0,9,9,1,0,0,1,0x9754d56949b359cb6f0652129c9777c0
9,1,0,10,10,1,0,0,1,0x7a35cbf9d422fd2ca0b1c14fa5429818
9,1,0,11,11,1,0,0,1,0xaddaa136000028812c5797e7b8e25144
9,0,1,0,0,0,0,0,1,0x00000000000000000000000000000000
9,0,1,1,1,0,0,0,1,0x00000000000000000000000000001000
9,0,1,2,2,0,0,0,1,0x73eda753299d7d483339d80809a1d805
9,0,1,3,3,0,0,0,1,0x53bda402fffe5bfeffffffff00000001
10,1,0,0,0,1,0,0,1,0x014995159873f69033edc791e4ec53fb
10,1,0,1,1,1,0,0,1,0x67ff010952bd9b4a147186c875723fbe
10,1,0,2,2,1,0,0,1,0x34421a30b894dd2eb854b3755d424df2
10,1,0,3,3,1,0,0,1,0xd6345fc95ea3e62be1fbae98dd909199
10,1,0,4,4,1,0,0,1,0x048b688fcdc1c98acd2bd91880d7a09d
10,1,0,5,5,1,0,0,1,0xdae03ea2cbbab7c6dc2f9743e9955868
10,1,0,6,6,1,0,0,1,0x8c12777fa2c0c0ab1ea2fb58f1a0f4af
10,1,0,7,7,1,0,0,1,0xec9cd80702d9c7167b7e2189509607b2
10,1,0,8,8,1,0,0,1,0xa147d4ed8fc9bf169509bdf9bcb7cc20
10,1,0,9,9,1,0,0,1,0xcf7bde7d4a31868a5b505e96c78fc39a
10,1,0,10,10,1,0,0,1,0xbc47f31bdcf06b589fa385dffd810ec9
10,1,0,11,11,1,0,0,1,0x470d70523b8d4404a7e0598717d07d7d
10,0,1,0,0,0,0,0,1,0x00000000000000000000000000000000
10,0,1,1,1,0,0,0,1,0x00000000000000000000000000001000
10,0,1,2,2,0,0,0,1,0x73eda753299d7d483339d80809a1d805
10,0,1,3,3,0,0,0,1,0x53bda402fffe5bfeffffffff00000001
11,1,0,0,0,1,0,0,1,0x015c378661b375d0170cb180ec2ec438
11,1,0,1,1,1,0,0,1,0x7030d226f0c665a43913a870324b2a50
11,1,0,2,2,1,0,0,1,0x0c4e769457708ae04292d62d202cb2f8
11,1,0,3,3,1,0,0,1,0x3413291610e35ab68e029e513d72116c
11,1,0,4,4,1,0,0,1,0x43d8b0cbc28c4ba47db2828a3f9a9576
11,1,0,5,5,1,0,0,1,0xd70af01ea30602ce3dfdcb610ba2afd4
11,1,0,6,6,1,0,0,1,0x95fc17d8e1f790b4f5b5199a1538d6c0
11,1,0,7,7,1,0,0,1,0x4fa8511c17c4ecf8060505e839be769d
11,1,0,8,8,1,0,0,1,0x4aa0f61977cc6d937843fe55bdc57a11
11,1,0,9,9,1,0,0,1,0xd5a6b73a986513bee8aca72ae28f3ca3
11,1,0,10,10,1,0,0,1,0x87eecf591ff3b83a52a53da19c6a2bbd
11,1,0,11,11,1,0,0,1,0x8c524bd1954ea4ef03f0dd0cde43adab
11,0,1,0,0,0,0,0,1,0x00000000000000000000000000000000
11,0,1,1,1,0,0,0,1,0x00000000000000000000000000001000
11,0,1,2,2,0,0,0,1,0x73eda753299d7d483339d80809a1d805
11,0,1,3,3,0,0,0,1,0x53bda402fffe5bfeffffffff00000001
12,1,0,0,0,1,0,0,1,0x0182daf59da19835aba0b534d93d1270
12,1,0,1,1,1,0,0,1,0xfdb2d6e027676d23838eb11b5711d4fa
12,1,0,2,2,1,0,0,1,0x6d1b5d1babb7462f79b84ec5c7e25bbd
12,1,0,3,3,1,0,0,1,0x0c52090dcf4aca284521886d716fc4ad
12,1,0,4,4,1,0,0,1,0x683d7984e52dcce4ef0800e46e1ddcdd
12,1,0,5,5,1,0,0,1,0x0ce39c66d892eec1fa0297efeecef888
12,1,0,6,6,1,0,0,1,0x98fee14da8dc391ad1ae1962ff6c48e2
12,1,0,7,7,1,0,0,1,0x81317c64f6a0665bf85e42f685df63fc
12,1,0,8,8,1,0,0,1,0x6965dd61d5339ac36f9f9127cd5b9560
12,1,0,9,9,1,0,0,1,0x80000000000000000000000000000000
12,1,0,10,10,1,0,0,1,0x00000000000000000000000000000000
12,1,0,11,11,1,0,0,1,0x00000000000000000000000000000000
12,0,1,0,0,0,0,0,1,0x00000000000000000000000000000000
12,0,1,1,1,0,0,0,1,0x00000000000000000000000000001000
12,0,1,2,2,0,0,0,1,0x73eda753299d7d483339d80809a1d805
12,0,1,3,3,0,0,0,1,0x53bda402fffe5bfeffffffff00000001
13,1,0,0,0,1,0,0,1,0x01368808f78a021502c62527c60f2dc9
13,1,0,1,1,1,0,0,1,0xbe1721765514e14ec654cef652fc9bc7
13,1,0,2,2,1,0,0,1,0x5279e2e3235870285790fc09d94746d7
13,1,0,3,3,1,0,0,1,0x47a4c104136df8cc18a5f09d48ea298c
13,1,0,4,4,1,0,0,1,0x2d304c67cd36f7ef8321057e4188154f
13,1,0,5,5,1,0,0,1,0x3b5704e694cb22eea6b4a454da33823c
13,1,0,6,6,1,0,0,1,0x8c81630b34580b0e097ad8d2691d3b1a
13,1,0,7,7,1,0,0,1,0xaeefd57363af031ec780180c538a29f8
13,1,0,8,8,1,0,0,1,0x756374dde4abb64214d84819ba4744e9
13,1,0,9,9,1,0,0,1,0x80000000000000000000000000000000
13,1,0,10,10,1,0,0,1,0x00000000000000000000000000000000
13,1,0,11,11,1,0,0,1,0x00000000000000000000000000000000
13,0,1,0,0,0,0,0,1,0x00000000000000000000000000000000
13,0,1,1,1,0,0,0,1,0x00000000000000000000000000001000
13,0,1,2,2,0,0,0,1,0x73eda753299d7d483339d80809a1d805
13,0,1,3,3,0,0,0,1,0x53bda402fffe5bfeffffffff00000001
14,1,0,0,0,1,0,0,1,0x01033c203383be1fae680d1ce71c5b6a
14,1,0,1,1,1,0,0,1,0xa4b909583f08d284b847c2ad57faf3d0
14,1,0,2,2,1,0,0,1,0x5e738dc6f53f48b438a8c1a53dc58f20
14,1,0,3,3,1,0,0,1,0x73184724c04af330eb7620a48f0d2fc3
14,1,0,4,4,1,0,0,1,0x01f4c1b6f9e10370294a3c7add8af208
14,1,0,5,5,1,0,0,1,0xe5138dbc7ec3024b41e2ff7da8622a9a
14,1,0,6,6,1,0,0,1,0x88ef90f43956906946efd1f646f06bb1
14,1,0,7,7,1,0,0,1,0x96c2c8faef608bfedefa5d22f111edc3
14,1,0,8,8,1,0,0,1,0xdf812ef89efe4514ac121128f9c204ec
14,1,0,9,9,1,0,0,1,0xa0000000000000000000000000000000
14,1,0,10,10,1,0,0,1,0x00000000000000000000000000000000
14,1,0,11,11,1,0,0,1,0x00000000000000000000000000000000
14,0,1,0,0,0,0,0,1,0x00000000000000000000000000000000
14,0,1,1,1,0,0,0,1,0x00000000000000000000000000001000
14,0,1,2,2,0,0,0,1,0x73eda753299d7d483339d80809a1d805
14,0,1,3,3,0,0,0,1,0x53bda402fffe5bfeffffffff00000001
15,1,0,0,0,1,0,0,1,0x011b84d10b61878c465a4cb24195f876
15,1,0,1,1,1,0,0,1,0x4f37610eb6a50ec93e477e47f86db262
15,1,0,2,2,1,0,0,1,0x5ee626d83d55d30e2a837e09eeb4ee2f
15,1,0,3,3,1,0,0,1,0x7517155aec6cabb1a38532f3f7368dfd
15,1,0,4,4,1,0,0,1,0x3e341de2e6149c5cfe5dd5bbde81295d
15,1,0,5,5,1,0,0,1,0x75e772d7460161a44068420817ccbccb
15,1,0,6,6,1,0,0,1,0x835bde9df8533b65664e2ad3175b8b9b
15,1,0,7,7,1,0,0,1,0xf42c5b59602a7b154dbe7b53e29d2a90
15,1,0,8,8,1,0,0,1,0x5ba43057c07d326592d634c83c3dfbd9
15,1,0,9,9,1,0,0,1,0xa0000000000000000000000000000000
15,1,0,10,10,1,0,0,1,0x00000000000000000000000000000000
15,1,0,11,11,1,0,0,1,0x00000000000000000000000000000000
15,0,1,0,0,0,0,0,1,0x00000000000000000000000000000000
15,0,1,1,1,0,0,0,1,0x00000000000000000000000000001000
15,0,1,2,2,0,0,0,1,0x73eda753299d7d483339d80809a1d805
15,0,1,3,3,0,0,0,1,0x53bda402fffe5bfeffffffff00000001
16,1,0,0,0,1,0,0,1,0x017128f6acfa9d0252a5474612da1a5f
16,1,0,1,1,1,0,0,1,0x167a795f52fb87441f298ad62a88ec0b
16,1,0,2,2,1,0,0,1,0x09db3f5bc5f86efbff67471986764910
16,1,0,3,3,1,0,0,1,0x81f954d1b7e1625601bee28f7a0f6507
16,1,0,4,4,1,0,0,1,0x6c526b8c369cf2409120d16965c1543f
16,1,0,5,5,1,0,0,1,0x35dbf8e6879f017cfdec9c46cb223c0e
16,1,0,6,6,1,0,0,1,0x8386deb868f1efff6cc6c9df81e07110
16,1,0,7,7,1,0,0,1,0x5e192b62af0a366e575f1b3a8fefaf5b
16,1,0,8,8,1,0,0,1,0xe6f7cc2775faf4c425110566d1897eea
16,1,0,9,9,1,0,0,1,0xb1c06d9842500ca5caaa331b74dac300
16,1,0,10,10,1,0,0,1,0x17dc917872550e79ea7584c2c736cd9a
16,1,0,11,11,1,0,0,1,0xd9827a2b2c7efa00b52668d1a4695750
16,0,1,0,0,0,0,0,1,0x00000000000000000000000000000000
16,0,1,1,1,0,0,0,1,0x00000000000000000000000000001000
16,0,1,2,2,0,0,0,1,0x73eda753299d7d483339d80809a1d805
16,0,1,3,3,0,0,0,1,0x53bda402fffe5bfeffffffff00000001
17,1,0,0,0,1,0,0,1,0x010fab8ffd21de8aa05f1ef53eddc656
17,1,0,1,1,1,0,0,1,0xdc2068166a5ee8ef6e95a83dc45176ed
17,1,0,2,2,1,0,0,1,0x0d2bf08f202643d5b930f3c833b5b3bf
17,1,0,3,3,1,0,0,1,0x8f7fc21d45f2b79cddf072ec248fec7b
17,1,0,4,4,1,0,0,1,0x61b5a724cfee23c39521865d9c286290
17,1,0,5,5,1,0,0,1,0x2dc619ea1e50fc4acf90a3c15f8796b1
17,1,0,6,6,1,0,0,1,0x82897f62c65b99761c2debd42b5f781d
17,1,0,7,7,1,0,0,1,0xea05d8d75ec93cb884db46d65396ac0a
17,1,0,8,8,1,0,0,1,0x8c5522d654d125cf4dcbdf760cb94ec2
17,1,0,9,9,1,0,0,1,0xabbafd44fcc2f446b304e06bcf1b1fc2
17,1,0,10,10,1,0,0,1,0xd441e58c32d35974ea43a6a8d0c763cb
17,1,0,11,11,1,0,0,1,0xa1e44735f6b1a43914bc354546a618fc
17,0,1,0,0,0,0,0,1,0x00000000000000000000000000000000
17,0,1,1,1,0,0,0,1,0x00000000000000000000000000001000
17,0,1,2,2,0,0,0,1,0x73eda753299d7d483339d80809a1d805
17,0,1,3,3,0,0,0,1,0x53bda402fffe5bfeffffffff00000001
18,1,0,0,0,1,0,0,1,0x01e82d0a3191e084918c8767efdd9aa5
18,1,0,1,1,1,0,0,1,0x7b27f1aa1cc7acb294fc1ea9c6ad09a0
18,1,0,2,2,1,0,0,1,0x29232297d5d75df9f26481bca171dde7
18,1,0,3,3,1,0,0,1,0xbc2b327a5f15b61605ce6bf8d7583fe1
18,1,0,4,4,1,0,0,1,0x190c56c25ac0feb7fe51cb1208d36014
18,1,0,5,5,1,0,0,1,0x6dd8962cb07dc61a80d1c59b6ae0f5ef
18,1,0,6,6,1,0,0,1,0x90b289346eac948887b2d2723c527ada
18,1,0,7,7,1,0,0,1,0xc277d61c05b26473e30ba6074785f391
18,1,0,8,8,1,0,0,1,0xed72efd768109caccebe74d8167aaf51
18,1,0,9,9,1,0,0,1,0xb5ebb94e806d0d87c618a26d224d96e3
18,1,0,10,10,1,0,0,1,0x1439f1f8abeb75b1a8bfd61036144a1c
18,1,0,11,11,1,0,0,1,0xf388e7e81b5522334f95447c892c1008
18,0,1,0,0,0,0,0,1,0x00000000000000000000000000000000
18,0,1,1,1,0,0,0,1,0x00000000000000000000000000001000
18,0,1,2,2,0,0,0,1,0x73eda753299d7d483339d80809a1d805
18,0,1,3,3,0,0,0,1,0x53bda402fffe5bfeffffffff00000001
19,1,0,0,0,1,0,0,1,0x018970cf2dc6770b51709385d9ba2fe3
19,1,0,1,1,1,0,0,1,0xd0ef15f8ac7c46b77bf1da34e7bd2c0c
19,1,0,2,2,1,0,0,1,0x728fae7ccea3ff21d8cb644bb1a81c90
19,1,0,3,3,1,0,0,1,0x7c469e3d45fed006416d3f26624788b5
19,1,0,4,4,1,0,0,1,0x0774b6135908723a4afa8a0c61985a8b
19,1,0,5,5,1,0,0,1,0x021ac673f2744b9a3f558cdb6b19579e
19,1,0,6,6,1,0,0,1,0x88338483b50e1698a9c8913c95a40450
19,1,0,7,7,1,0,0,1,0x7be77a560038e3b338cc15bed1890369
19,1,0,8,8,1,0,0,1,0x92653c5f83d0ed75d8966459f57ad7b6
19,1,0,9,9,1,0,0,1,0x83970b863c05058219460d5d6ad0f9ce
19,1,0,10,10,1,0,0,1,0xb77c71df7f2cf869fa4de3c564ac379b
19,1,0,11,11,1,0,0,1,0x08b6167a9c37d6754bc657ba4d3faf18
19,0,1,0,0,0,0,0,1,0x00000000000000000000000000000000
19,0,1,1,1,0,0,0,1,0x00000000000000000000000000001000
19,0,1,2,2,0,0,0,1,0x73eda753299d7d483339d80809a1d805
19,0,1,3,3,0,0,0,1,0x53bda402fffe5bfeffffffff00000001
20,1,0,0,0,1,0,0,1,0x018cff8e5c887d6ca71a4978b671f717
20,1,0,1,1,1,0,0,1,0xe0082a00cbceef3a35abf822d319e643
20,1,0,2,2,1,0,0,1,0x28698617b3ed41dd92c23a5d44aecbdc
20,1,0,3,3,1,0,0,1,0xa31d48389cdcdd5f4c0b2bb5d3c46009
20,1,0,4,4,1,0,0,1,0x45d08b2d55540c5a1ce1aedef207dd04
20,1,0,5,5,1,0,0,1,0x9664c751875b4a82426240ab02c2383a
20,1,0,6,6,1,0,0,1,0x82f3b171ca6171b36b113ebb9d4ccde9
20,1,0,7,7,1,0,0,1,0xfc3ac0840450c848e50d76964b868ac2
20,1,0,8,8,1,0,0,1,0x6896f3734de3eeb74a591dd66b4f12ba
20,1,0,9,9,1,0,0,1,0x0e27be3f5fb7fc81fe45b2a02a9b3cc5
20,1,0,10,10,1,0,0,1,0x8ae0fe79611b40f22fbc1dac550892d1
20,1,0,11,11,1,0,0,1,0x24395f3ae1f88badcec338675a81a3c1
20,0,1,0,0,0,0,0,1,0x00000000000000000000000000000000
20,0,1,1,1,0,0,0,1,0x00000000000000000000000000001000
20,0,1,2,2,0,0,0,1,0x73eda753299d7d483339d80809a1d805
20,0,1,3,3,0,0,0,1,0x53bda402fffe5bfeffffffff00000001
21,1,0,0,0,1,0,0,1,0x0192f9875e2f3d2f02e672b125d827ad
21,1,0,1,1,1,0,0,1,0x1665678918569cf70f91eeb2143c0c74
21,1,0,2,2,1,0,0,1,0x44685f1c0b3935ba73a647de0e5c1e37
21,1,0,3,3,1,0,0,1,0xed197b50f3f0531e988e4533e754052d
21,1,0,4,4,1,0,0,1,0x23cc43e1acf211ade1ef1f3f098510d5
21,1,0,5,5,1,0,0,1,0x85870e062b64d5e8b5ac1ecba77d95ac
21,1,0,6,6,1,0,0,1,0x8f57ed907a536a1818873805450cfa63
21,1,0,7,7,1,0,0,1,0xce1853c2114142a447ceb9aa3bcf0a22
21,1,0,8,8,1,0,0,1,0x6aa44b049e347ac414d5e6d291b29a0b
21,1,0,9,9,1,0,0,1,0x1495b69970dbb10d1aac644caeb8488c
21,1,0,10,10,1,0,0,1,0x1f31886575a44946c63f3b90df3252c8
21,1,0,11,11,1,0,0,1,0x692e5eb947a002bc75b0fbd178c705fb
21,0,1,0,0,0,0,0,1,0x00000000000000000000000000000000
21,0,1,1,1,0,0,0,1,0x00000000000000000000000000001000
21,0,1,2,2,0,0,0,1,0x73eda753299d7d483339d80809a1d805
21,0,1,3,3,0,0,0,1,0x53bda402fffe5bfeffffffff00000001
22,1,0,0,0,1,0,0,1,0x01555516d41c559eaec555cd71acf0e3
22,1,0,1,1,1,0,0,1,0x9c2680a52b303fdca0e4534e366d6ad3
22,1,0,2,2,1,0,0,1,0x5379c3f2d14d197ce4998beba95eadbe
22,1,0,3,3,1,0,0,1,0x8c07f241e1f962c1288d94b0896ff755
22,1,0,4,4,1,0,0,1,0x0f034be4825e4d1dc253b3003ecf096d
22,1,0,5,5,1,0,0,1,0xe77f6b03ade2ee2e2f5c5f8dd0bfdda8
22,1,0,6,6,1,0,0,1,0x88a49d3abc71d0703eaf149618d6654d
22,1,0,7,7,1,0,0,1,0x1dd124a178a7f9433ae5361ffe083b18
22,1,0,8,8,1,0,0,1,0x438f5d24b23ea2060973a3e9ef7185b5
22,1,0,9,9,1,0,0,1,0x411917bed63aa5eb225bee67e92ce5c8
22,1,0,10,10,1,0,0,1,0x215d83110fe02d9ea0dc31170316a7fb
22,1,0,11,11,1,0,0,1,0x1b926ec386fe9e096e62454b8e3af019
22,0,1,0,0,0,0,0,1,0x00000000000000000000000000000000
22,0,1,1,1,0,0,0,1,0x00000000000000000000000000001000
22,0,1,2,2,0,0,0,1,0x73eda753299d7d483339d80809a1d805
22,0,1,3,3,0,0,0,1,0x53bda402fffe5bfeffffffff00000001
23,1,0,0,0,1,0,0,1,0x01e855cdc91c78c5b0ddb72242c174c2
23,1,0,1,1,1,0,0,1,0xbe11244737277be4968fe3a732de3ea3
23,1,0,2,2,1,0,0,1,0x6478bb4dcab98cf91ba737b770dd9578
23,1,0,3,3,1,0,0,1,0x35482509a0a4a6c7a716ff53de233aeb
23,1,0,4,4,1,0,0,1,0x2b6c476af357874a043cb0542a2136c8
23,1,0,5,5,1,0,0,1,0x6ebd3d84cf25aafe93bd94756c30718b
23,1,0,6,6,1,0,0,1,0x84536ea855a955c1e736309aa5dd4b86
23,1,0,7,7,1,0,0,1,0x24c49c39e4f143324ca852f09558f3a4
23,1,0,8,8,1,0,0,1,0xf9bdd7323b8df98582d1a719dc78984a
23,1,0,9,9,1,0,0,1,0x479f8549e80bab5d5caa42a65603dc28
23,1,0,10,10,1,0,0,1,0x203c44d7c2d09c3ef050942c0ae33287
23,1,0,11,11,1,0,0,1,0xa6913e30924b513d63ee9c3e51133ba9
23,0,1,0,0,0,0,0,1,0x00000000000000000000000000000000
23,0,1,1,1,0,0,0,1,0x00000000000000000000000000001000
23,0,1,2,2,0,0,0,1,0x73eda753299d7d483339d80809a1d805
23,0,1,3,3,0,0,0,1,0x53bda402fffe5bfeffffffff00000001
24,1,0,0,0,1,0,0,1,0x0111cd51390a2adec0fdb849c57767ae
24,1,0,1,1,1,0,0,1,0xdb0aca9ea974006347df49fca1598fa8
24,1,0,2,2,1,0,0,1,0x6820cd8f5e97d1ed9edef6f6e5bf21d1
24,1,0,3,3,1,0,0,1,0x287d94415dc5c7129d665de391d20061
24,1,0,4,4,1,0,0,1,0x4c944b4bc5729b738213327e764c30f7
24,1,0,5,5,1,0,0,1,0xfb1c942de843c2cfb5c557f811ee58b5
24,1,0,6,6,1,0,0,1,0x9418a6e78ad1a9d3c09bef1d67a3a338
24,1,0,7,7,1,0,0,1,0xe779293f224ae41e7f1d7ce04c83500d
24,1,0,8,8,1,0,0,1,0xc043c099d7379dfc3aed831de7c8586e
24,1,0,9,9,1,0,0,1,0x364259051bcb45a29ac93623795d083c
24,1,0,10,10,1,0,0,1,0x0b88581c41e4b1515c9a90cc3bdbbf7b
24,1,0,11,11,1,0,0,1,0xf21c311e2c0fad388168276a9990e596
24,0,1,0,0,0,0,0,1,0x00000000000000000000000000000000
24,0,1,1,1,0,0,0,1,0x00000000000000000000000000001000
24,0,1,2,2,0,0,0,1,0x73eda753299d7d483339d80809a1d805
24,0,1,3,3,0,0,0,1,0x53bda402fffe5bfeffffffff00000001
25,1,0,0,0,1,0,0,1,0x01e20ddc7d31e2a7f2b0f591a0b5af83
25,1,0,1,1,1,0,0,1,0x78f1311218368789eb4860950f75f261
25,1,0,2,2,1,0,0,1,0x60fea853aa5d6f33d464ba61092306fd
25,1,0,3,3,1,0,0,1,0x10d1ec43005d3c8ed8cbf4c43c38f678
25,1,0,4,4,1,0,0,1,0x4c6cb8690300f52980bf9351d3e8c22e
25,1,0,5,5,1,0,0,1,0x37532a74ebd2c1fb8c15c21531a43f37
25,1,0,6,6,1,0,0,1,0x994331e6350764463241736bf8210f39
25,1,0,7,7,1,0,0,1,0x7cef489ffd493a8c57277580eb6334de
25,1,0,8,8,1,0,0,1,0x60d80ec38865a7f647422c513caa6379
25,1,0,9,9,1,0,0,1,0x260e1894d3c75688c15f4e9d1cc602d5
25,1,0,10,10,1,0,0,1,0x8fccd6cb37466ea0255e3a7fcd8aa648
25,1,0,11,11,1,0,0,1,0x157663cd116db726353c18b41260ff50
25,0,1,0,0,0,0,0,1,0x00000000000000000000000000000000
25,0,1,1,1,0,0,0,1,0x00000000000000000000000000001000
25,0,1,2,2,0,0,0,1,0x73eda753299d7d483339d80809a1d805
25,0,1,3,3,0,0,0,1,0x53bda402fffe5bfeffffffff00000001
26,1,0,0,0,1,0,0,1,0x01204446d31a7ff3c0f8d7f95d3f9c4c
26,1,0,1,1,1,0,0,1,0x928d70f1cea1737518be616365753ff1
26,1,0,2,2,1,0,0,1,0x6f70e28bd5a7dc29e185b505b022bf15
26,1,0,3,3,1,0,0,1,0x50051a30ba69e4781bdd22165c223fe7
26,1,0,4,4,1,0,0,1,0x5b95a76ec3469137869bd9dd33d7c874
26,1,0,5,5,1,0,0,1,0x3330e54ec7d160733b90ad9edc1db679
26,1,0,6,6,1,0,0,1,0x8ff4cd64dedd0dc7e9beae26516eb1c1
26,1,0,7,7,1,0,0,1,0x7762d79f8f23f1d6d3fc03a4adc14014
26,1,0,8,8,1,0,0,1,0xd0cb05e71e12ec1d5e32dfb34bf7d0fa
26,1,0,9,9,1,0,0,1,0x73e239631dfe6d38139e18788614dd48
26,1,0,10,10,1,0,0,1,0x4686cccfa63f6fbf004046b8e335452e
26,1,0,11,11,1,0,0,1,0x59c7ac01ff9277f6b7f1271d95f6e809
26,0,1,0,0,0,0,0,1,0x00000000000000000000000000000000
26,0,1,1,1,0,0,0,1,0x00000000000000000000000000001000
26,0,1,2,2,0,0,0,1,0x73eda753299d7d483339d80809a1d805
26,0,1,3,3,0,0,0,1,0x53bda402fffe5bfeffffffff00000001
27,1,0,0,0,1,0,0,1,0x0177a759b543e1d4b591b735de6c0744
27,1,0,1,1,1,0,0,1,0x0e7b38b9eadc0ad09ea2c714019b769d
27,1,0,2,2,1,0,0,1,0x18d491072b6f022c9845ac0014ea224f
27,1,0,3,3,1,0,0,1,0x86cd25c9e8729147f1d0bbcf118b93c6
27,1,0,4,4,1,0,0,1,0x16463cab38eb9a026f0fd376a84a9703
27,1,0,5,5,1,0,0,1,0x30d55f8818642bc68b71a2ff34679817
27,1,0,6,6,1,0,0,1,0x93aed295c6fbb5e131d74f4d4a21b06b
27,1,0,7,7,1,0,0,1,0x550526333939879d695efb7f749122ad
27,1,0,8,8,1,0,0,1,0x483bd960a6aeccb9a7c0818ddac26581
27,1,0,9,9,1,0,0,1,0x6ebab14f867f81caaf5e323b286f9701
27,1,0,10,10,1,0,0,1,0xf3b5225f7900ee76d8f037e6581cc1b1
27,1,0,11,11,1,0,0,1,0x2ef714a165f70f59376132445b3c4344
27,0,1,0,0,0,0,0,1,0x00000000000000000000000000000000
27,0,1,1,1,0,0,0,1,0x00000000000000000000000000001000
27,0,1,2,2,0,0,0,1,0x73eda753299d7d483339d80809a1d805
27,0,1,3,3,0,0,0,1,0x53bda402fffe5bfeffffffff00000001
28,1,0,0,0,1,0,0,1,0x01962bc3be7a178b61ac86f2b7791fdf
28,1,0,1,1,1,0,0,1,0xf9efece54f2f055233787e961fb27452
28,1,0,2,2,1,0,0,1,0x3c3cdeacd7b19a64523509a3f6d4af95
28,1,0,3,3,1,0,0,1,0xeecb5c8f9a3bf10ad91db18bdf76bdb8
28,1,0,4,4,1,0,0,1,0x0cc4484982cd5c0554ce5af97adf53ed
28,1,0,5,5,1,0,0,1,0x8398c948ef7770bbacb631ba85f5f6f1
28,1,0,6,6,1,0,0,1,0x81d148e3ce09f74535ec50e2add53078
28,1,0,7,7,1,0,0,1,0x5bda8b750f5d0be00c3247a16aba5db6
28,1,0,8,8,1,0,0,1,0x3f0706c4a14b966dccedc574716b752d
28,1,0,9,9,1,0,0,1,0xeaedf3bf65df12060b6a620bcc400903
28,1,0,10,10,1,0,0,1,0xf90cd5545c3e6741187d3e88fd376add
28,1,0,11,11,1,0,0,1,0xe60950dbff1c73bbb2a0720a7b418144
28,0,1,0,0,0,0,0,1,0x00000000000000000000000000000000
28,0,1,1,1,0,0,0,1,0x00000000000000000000000000001000
28,0,1,2,2,0,0,0,1,0x73eda753299d7d483339d80809a1d805
28,0,1,3,3,0,0,0,1,0x53bda402fffe5bfeffffffff00000001
29,1,0,0,0,1,0,0,1,0x01c4840083deb5dea6935e0a3a459946
29,1,0,1,1,1,0,0,1,0xdc2cf27af3c6d93323135d0a4dd9ac7e
29,1,0,2,2,1,0,0,1,0x516ce73b020958dbe306126f08f71aaf
29,1,0,3,3,1,0,0,1,0x404e90d9067370f8245920b4256cc8ed
29,1,0,4,4,1,0,0,1,0x19f5a2eaec6d4979b980dc3e1395e176
29,1,0,5,5,1,0,0,1,0x843d8f2a6fe99f9bb12af41f6487b7b7
29,1,0,6,6,1,0,0,1,0x835111f2f9ceba9d0ba8b12e89e642ce
29,1,0,7,7,1,0,0,1,0x11fd65ce021d9282b78b4a24e7282ba7
29,1,0,8,8,1,0,0,1,0x13649fdeaa25438a78042c98f1ff764b
29,1,0,9,9,1,0,0,1,0xec66edd9b44275c16881d0a9840449a8
29,1,0,10,10,1,0,0,1,0x455426ad4d238782e36789be520596bb
29,1,0,11,11,1,0,0,1,0x1a4a24e668307f7847ca13179aa344da
29,0,1,0,0,0,0,0,1,0x00000000000000000000000000000000
29,0,1,1,1,0,0,0,1,0x00000000000000000000000000001000
29,0,1,2,2,0,0,0,1,0x73eda753299d7d483339d80809a1d805
29,0,1,3,3,0,0,0,1,0x53bda402fffe5bfeffffffff00000001
30,1,0,0,0,1,0,1,0,0x01d46ed1dbe6efb3dab7bb9e4e082704
30,1,0,1,1,1,0,1,0,0xb0bc2b8f61dc0e0e00f77553d7d54ce1
30,1,0,2,2,1,0,1,0,0x2ef834f305862e33b6c9414ec132a823
30,1,0,3,3,1,0,1,0,0x66a8f0dcd6f25efc65cb2b052a6102e5
30,1,0,4,4,1,0,1,0,0x1eaf94b5477a14dbeef5193151ab378c
30,1,0,5,5,1,0,1,0,0x8a62da486bb479aa244330aab4756f59
30,1,0,6,6,1,0,1,0,0xb352d02f9fbaebaf8c5f7bbd9abfc316
30,1,0,7,7,1,0,1,0,0x2c648a49c565564494c3f7f054740a2a
30,1,0,8,8,1,0,1,0,0x235671defa501f8a78b4b19a83c85b1d
30,1,0,9,9,1,0,1,0,0x8d412c01c750f609298709de90e40538
30,1,0,10,10,1,0,1,0,0xd8d8d6fff285bb500e92049e02a991ac
30,1,0,11,11,1,0,1,0,0xa2747a59d5324e625705bf4d8e86943d
30,0,1,0,0,0,0,1,0,0x00000000000000000000000000000000
30,0,1,1,1,0,0,1,0,0x00000000000000000000000000001000
30,0,1,2,2,0,0,1,0,0x73eda753299d7d483339d80809a1d805
30,0,1,3,3,0,0,1,0,0x53bda402fffe5bfeffffffff00000001
31,1,0,0,0,1,0,0,1,0x01238db4e4ed4b15fbcab93cd95107a2
31,1,0,1,1,1,0,0,1,0xadb7222dcce4f10d548b163b827a13f8
31,1,0,2,2,1,0,0,1,0x3d4d75c614a8d469b692d1721bd381c3
31,1,0,3,3,1,0,0,1,0x4ffded9b70afa3554c17353647a39221
31,1,0,4,4,1,0,0,1,0x0fc311811c22b987b3fc9d0eb684b64e
31,1,0,5,5,1,0,0,1,0xa690e4d8fea9c692a6a9c06950dfdf41
31,1,0,6,6,1,0,0,1,0xa08a0dfc4006b6dc1df4879666467766
31,1,0,7,7,1,0,0,1,0x6b87ecf9fc1da8e3ee35bda52810d25b
31,1,0,8,8,1,0,0,1,0x26a0cbf9f3dd15ac7a804a06ccabe171
31,1,0,9,9,1,0,0,1,0x96b66a8d6d4413ca0348c452516a084e
31,1,0,10,10,1,0,0,1,0x5d77d3b3441cec4895892662313cf653
31,1,0,11,11,1,0,0,1,0xdabc5d9af5d7684064ec3c53aef6cb73
31,0,1,0,0,0,0,0,1,0x00000000000000000000000000000000
31,0,1,1,1,0,0,0,1,0x00000000000000000000000000001000
31,0,1,2,2,0,0,0,1,0x73eda753299d7d483339d80809a1d805
31,0,1,3,3,0,0,0,1,0x53bda402fffe5bfeffffffff00000001
32,1,0,0,0,1,0,1,0,0x018a1c6dfb1b9154c8ce680afef9aa56
32,1,0,1,1,1,0,1,0,0x1ed09603049dd5e35ed381f142ad5001
32,1,0,2,2,1,0,1,0,0x5d2ec1398898b4655acdb2374739b4da
32,1,0,3,3,1,0,1,0,0x48865c5e52354ba5de7ddbfc8f297558
32,1,0,4,4,1,0,1,0,0x06c03106fc44c21c1f647ba35a622d6a
32,1,0,5,5,1,0,1,0,0x38d28d5da95708fee4b3f270ccc9fe93
32,1,0,6,6,1,0,1,0,0xb79fdbacac303e1179c22352c24094c4
32,1,0,7,7,1,0,1,0,0xd7e532d5228b597f17a2d5bc4d4afc97
32,1,0,8,8,1,0,1,0,0x7275314ba52c7faa12250a0d185f0b2f
32,1,0,9,9,1,0,1,0,0xb044739af01cb255a3569f9f7275192c
32,1,0,10,10,1,0,1,0,0x4653b6ca2e2edf163041eebf97cf1c36
32,1,0,11,11,1,0,1,0,0x30e33aec14231dcd9d59210da0122334
32,0,1,0,0,0,0,1,0,0x00000000000000000000000000000000
32,0,1,1,1,0,0,1,0,0x00000000000000000000000000001000
32,0,1,2,2,0,0,1,0,0x73eda753299d7d483339d80809a1d805
32,0,1,3,3,0,0,1,0,0x53bda402fffe5bfeffffffff00000001
33,1,0,0,0,1,0,0,1,0x01483966205b8a40e7e27c2e68e127c9
33,1,0,1,1,1,0,0,1,0xb4ccc22187aabf55bae3f3091aca8a5f
33,1,0,2,2,1,0,0,1,0x2796ce248c9d2cf7367e7b18ec254f2e
33,1,0,3,3,1,0,0,1,0x5852178996e24a87bb9187dd359dd98f
33,1,0,4,4,1,0,0,1,0x5f5d890da14f360e4e627c43c9d03d34
33,1,0,5,5,1,0,0,1,0x201e42b58d7784d637edc47b5b51dd86
33,1,0,6,6,1,0,0,1,0xaaa566f787372c1137d5af2d438338bc
33,1,0,7,7,1,0,0,1,0x8109575081bb97679c096c648d86bfcd
33,1,0,8,8,1,0,0,1,0x63910a5d5dc74d19bf3a64896642dcc3
33,1,0,9,9,1,0,0,1,0xa1918fbd130cfb324cc734c0dc2c5b62
33,1,0,10,10,1,0,0,1,0xa2391aba6d942f8e817fd4ff4962a75e
33,1,0,11,11,1,0,0,1,0x190c2c32f523ed1a3be142b7ba5371c0
33,0,1,0,0,0,0,0,1,0x00000000000000000000000000000000
33,0,1,1,1,0,0,0,1,0x00000000000000000000000000001000
33,0,1,2,2,0,0,0,1,0x73eda753299d7d483339d80809a1d805
33,0,1,3,3,0,0,0,1,0x53bda402fffe5bfeffffffff00000001
34,1,0,0,0,1,0,1,0,0x01283ef099172a38b5f1f0850e9e1b99
34,1,0,1,1,1,0,1,0,0xb75af50d27f44e16f37f75a2f8b475e8
34,1,0,2,2,1,0,1,0,0x174ea96edc8623a6298fc11e3abbf0ad
34,1,0,3,3,1,0,1,0,0x93d760e290f6eb302e18710982ea63c0
34,1,0,4,4,1,0,1,0,0x175b752a251a34325717eaea6a0b7ee8
34,1,0,5,5,1,0,1,0,0x326a28a38cc9cfdbec1ad32d1d438d02
34,1,0,6,6,1,0,1,0,0xa106e8156a2b6a9ca1aa9d83793b8416
34,1,0,7,7,1,0,1,0,0x5157c55f2099bf4c3147b1e5c3f4b444
34,1,0,8,8,1,0,1,0,0xd752f18f99fe80a11f2e74bfcb5a15ea
34,1,0,9,9,1,0,1,0,0x96e4cfe1429b3abe0faa167df6f7d3f8
34,1,0,10,10,1,0,1,0,0x028269b6f198cc400a85dd5d9d677313
34,1,0,11,11,1,0,1,0,0x38b15b8276d611fedd8ef0bb572ad811
34,0,1,0,0,0,0,1,0,0x00000000000000000000000000000000
34,0,1,1,1,0,0,1,0,0x00000000000000000000000000001000
34,0,1,2,2,0,0,1,0,0x73eda753299d7d483339d80809a1d805
34,0,1,3,3,0,0,1,0,0x53bda402fffe5bfeffffffff00000001
35,1,0,0,0,1,0,0,1,0x016eabe1b904232c31f9ef309bfab897
35,1,0,1,1,1,0,0,1,0x6890e4a13f225357723a19bf0f2aa076
35,1,0,2,2,1,0,0,1,0x16b016dc071c00d5b9610e3d9e61989b
35,1,0,3,3,1,0,0,1,0x8d2e080521f2a89fa60cb7311fdb2a76
35,1,0,4,4,1,0,0,1,0x6486746a7ee4690f129d8ce12eb7fd27
35,1,0,5,5,1,0,0,1,0x3be7640efb26f8014c8b4e40a25e8644
35,1,0,6,6,1,0,0,1,0xa5befe5a02ff1308cc32906892da6d55
35,1,0,7,7,1,0,0,1,0x935e0dcc6e68fe6c5675cea6b5dc7be0
35,1,0,8,8,1,0,0,1,0xef263f51f2549077add6ec7b5ad44cc4
35,1,0,9,9,1,0,0,1,0x845479d168d13848fa2c3f2ef7b17d83
35,1,0,10,10,1,0,0,1,0xd7c75047060377f122a125c9543b6913
35,1,0,11,11,1,0,0,1,0xe51a8f6e38f562b6ead28049fbc1475e
35,0,1,0,0,0,0,0,1,0x00000000000000000000000000000000
35,0,1,1,1,0,0,0,1,0x00000000000000000000000000001000
35,0,1,2,2,0,0,0,1,0x73eda753299d7d483339d80809a1d805
35,0,1,3,3,0,0,0,1,0x53bda402fffe5bfeffffffff00000001
36,1,0,0,0,1,0,0,1,0x01b7a6f3b3abefe21bd93b08729478b8
36,1,0,1,1,1,0,0,1,0xd0f9d39ab769b2e77e568ab7c5d3be9a
36,1,0,2,2,1,0,0,1,0x43b2da0e5522b5a212e92932edd7d11d
36,1,0,3,3,1,0,0,1,0xea90e4d52cd6acb43475b62196c1c7e5
36,1,0,4,4,1,0,0,1,0x35edb1853b6c36c953db96b4170195db
36,1,0,5,5,1,0,0,1,0x7bfd68ab97c3fcd258f7add14d325d29
36,1,0,6,6,1,0,0,1,0xb1863888e0784ad3057da4aa9ae6d1e4
36,1,0,7,7,1,0,0,1,0x850921f7a37526c84072fa73d71fd1fc
36,1,0,8,8,1,0,0,1,0x5fa014bfa0140617a6ec9e96ce824216
36,1,0,9,9,1,0,0,1,0xaeb88923ef0872751c1e5166c8c938b8
36,1,0,10,10,1,0,0,1,0x804ddc1ecefc853035af68fa311214ce
36,1,0,11,11,1,0,0,1,0xdef1e89baceb85d1b373dcbe76f49126
36,0,1,0,0,0,0,0,1,0x00000000000000000000000000000000
36,0,1,1,1,0,0,0,1,0x00000000000000000000000000001000
36,0,1,2,2,0,0,0,1,0x73eda753299d7d483339d80809a1d805
36,0,1,3,3,0,0,0,1,0x53bda402fffe5bfeffffffff00000001
37,1,0,0,0,1,0,0,1,0x0194846ee2571780c9bb482e7072ad00
37,1,0,1,1,1,0,0,1,0x52f6c97851ccbe69797f5927f5b090e1
37,1,0,2,2,1,0,0,1,0x503e2fba8adc6952bc71b553e66c3365
37,1,0,3,3,1,0,0,1,0x086f4148f0262121bc3ec6857e78d191
37,1,0,4,4,1,0,0,1,0x4fd62689002d89e47b48ae647daa6941
37,1,0,5,5,1,0,0,1,0x794a0574fd0152fd78c9276090c5d4f2
37,1,0,6,6,1,0,0,1,0xb81c36fcd3a8bf8927c1467ffdf251bb
37,1,0,7,7,1,0,0,1,0x1e95b32464fee3f55457a079c048df2c
37,1,0,8,8,1,0,0,1,0xb00a0a238730024ef314cd2b4ac72899
37,1,0,9,9,1,0,0,1,0xa4233deaa5be87e1689b0f79a32b6ae6
37,1,0,10,10,1,0,0,1,0x253840c0f8a83d127891a18456bd2c7c
37,1,0,11,11,1,0,0,1,0xc6bf8fc579bbcded2f9dda755ead6649
37,0,1,0,0,0,0,0,1,0x00000000000000000000000000000000
37,0,1,1,1,0,0,0,1,0x00000000000000000000000000001000
37,0,1,2,2,0,0,0,1,0x73eda753299d7d483339d80809a1d805
37,0,1,3,3,0,0,0,1,0x53bda402fffe5bfeffffffff00000001
38,1,0,0,0,1,0,0,1,0x01b936d0be150cd5c891d7e1445d0141
38,1,0,1,1,1,0,0,1,0xeeb70b6b67a18f1657f1c41331f55c0d
38,1,0,2,2,1,0,0,1,0x578a7eab4d95d1599858835d2516c1ef
38,1,0,3,3,1,0,0,1,0x5f326be642e199270050cad442147031
38,1,0,4,4,1,0,0,1,0x0487938d442b3fbe770f94f52ea3dba8
38,1,0,5,5,1,0,0,1,0xd65a8ef6d0236e500f030879007f53d2
38,1,0,6,6,1,0,0,1,0xa296bb61a5a5850cf903a7490c9d50fd
38,1,0,7,7,1,0,0,1,0xf6d6e79bc51e0ff2cca7cefdabfdf590
38,1,0,8,8,1,0,0,1,0xd48120ec9379c4a1621bb6dfccb361ea
38,1,0,9,9,1,0,0,1,0x8f0634eef906ef1aae96df536916e12f
38,1,0,10,10,1,0,0,1,0x1d3befcff2dc60e4847d413309eb5c8d
38,1,0,11,11,1,0,0,1,0x6d3f470e2fc4d12d7a82ace3d03acd5b
38,0,1,0,0,0,0,0,1,0x00000000000000000000000000000000
38,0,1,1,1,0,0,0,1,0x00000000000000000000000000001000
38,0,1,2,2,0,0,0,1,0x73eda753299d7d483339d80809a1d805
38,0,1,3,3,0,0,0,1,0x53bda402fffe5bfeffffffff00000001
39,1,0,0,0,1,0,0,1,0x0189d600898aaad330196bb4eab24d90
39,1,0,1,1,1,0,0,1,0x85c71ed8fadb67c319071022f2483ea8
39,1,0,2,2,1,0,0,1,0x2e0da5947d50ca0c28c3cc36db9210b8
39,1,0,3,3,1,0,0,1,0x67f4f49ea9a643ea175b3e658aa7da52
39,1,0,4,4,1,0,0,1,0x360ed6210b5147446b0c0d6abf950e6b
39,1,0,5,5,1,0,0,1,0xfe69ff23ac033324da476e6480b5fb55
39,1,0,6,6,1,0,0,1,0xb2044d39dc8bce44140163df24dbf53e
39,1,0,7,7,1,0,0,1,0x6aadf165eee84e2bf8a8eb2f812604e2
39,1,0,8,8,1,0,0,1,0xbbd5bd20a39c912d668da364a80dd284
39,1,0,9,9,1,0,0,1,0x85f5475cb2811dc1db7b3448a588461d
39,1,0,10,10,1,0,0,1,0x6480d31f93076c43118ffb2c7f0b3194
39,1,0,11,11,1,0,0,1,0x46fd3e7f450fac59f692f7eacf49eb01
39,0,1,0,0,0,0,0,1,0x00000000000000000000000000000000
39,0,1,1,1,0,0,0,1,0x00000000000000000000000000001000
39,0,1,2,2,0,0,0,1,0x73eda753299d7d483339d80809a1d805
39,0,1,3,3,0,0,0,1,0x53bda402fffe5bfeffffffff00000001
40,1,0,0,0,1,0,0,1,0x0194d81423869b8976d41215ea06e30e
40,1,0,1,1,1,0,0,1,0x86426ef9a0bd382a67d4deb8c9287caf
40,1,0,2,2,1,0,0,1,0x5cb3c3ef6889a74a39872f865a41ab71
40,1,0,3,3,1,0,0,1,0x6d01981f484334c74f69c13328db809f
40,1,0,4,4,1,0,0,1,0x605d8ed56ed88b973fce964c65e45d7e
40,1,0,5,5,1,0,0,1,0x1717d2302b66f97d849dbc5f1c2c8b1c
40,1,0,6,6,1,0,0,1,0xac77be9d7eca3898c6da2cf09d05f9f7
40,1,0,7,7,1,0,0,1,0x9d44b702f7b0beadcbb1f44081981293
40,1,0,8,8,1,0,0,1,0x05e2c043f4fc0acea6868849a0cd2a85
40,1,0,9,9,1,0,0,1,0xc9a78473f9e61810d8f912de81a25d20
40,1,0,10,10,1,0,0,1,0x97be3375dfdd23fada996bb58df94801
40,1,0,11,11,1,0,0,1,0xce5952d35d8bd85a2b91e78eaf7602ba
40,0,1,0,0,0,0,0,1,0x00000000000000000000000000000000
40,0,1,1,1,0,0,0,1,0x00000000000000000000000000001000
40,0,1,2,2,0,0,0,1,0x73eda753299d7d483339d80809a1d805
40,0,1,3,3,0,0,0,1,0x53bda402fffe5bfeffffffff00000001
41,1,0,0,0,1,0,0,1,0x01903afee68b733f89f3e3ede0dbcc24
41,1,0,1,1,1,0,0,1,0xab90a2229709e118453b0fa653867b32
41,1,0,2,2,1,0,0,1,0x427fa8f82162c8fddf6b6b2830b9e2db
41,1,0,3,3,1,0,0,1,0xcaab0604002cb4cdd57e32a2cec47fd4
41,1,0,4,4,1,0,0,1,0x0b1bcb0a8a3aeceba2cc23acd4702d1c
41,1,0,5,5,1,0,0,1,0x0c3f87830912d88fa8db31064d390515
41,1,0,6,6,1,0,0,1,0xa34266788c807f120efd61d10eac1eca
41,1,0,7,7,1,0,0,1,0xf54ca9bc38fe6aed034618244ff89e7a
41,1,0,8,8,1,0,0,1,0x36496596782658291b0db60a5e734745
41,1,0,9,9,1,0,0,1,0xd936ea44eb6c4b3592ccf5df4fd2bfab
41,1,0,10,10,1,0,0,1,0xfd1ab2b8992f562722c4b3ee5e578b99
41,1,0,11,11,1,0,0,1,0x7b13a53e60be609c579fa4328afeb786
41,0,1,0,0,0,0,0,1,0x00000000000000000000000000000000
41,0,1,1,1,0,0,0,1,0x00000000000000000000000000001000
41,0,1,2,2,0,0,0,1,0x73eda753299d7d483339d80809a1d805
41,0,1,3,3,0,0,0,1,0x53bda402fffe5bfeffffffff00000001
42,1,0,0,0,1,0,0,1,0x016dc214711b38bb1c1657200dd9ad7c
42,1,0,1,1,1,0,0,1,0x2a9e5c359978e033476fddce66b7f922
42,1,0,2,2,1,0,0,1,0x57aa09d5526d8f1e7fedd1276dc1e22c
42,1,0,3,3,1,0,0,1,0x4b6dd409b6d300c2b843fe413d2501a1
42,1,0,4,4,1,0,0,1,0x4f095875d8d47b3449d901c4f537eff3
42,1,0,5,5,1,0,0,1,0x20f84e076c90a3925b19e2370824f994
42,1,0,6,6,1,0,0,1,0xb7d98ed096640c5ee160ac30dca132bd
42,1,0,7,7,1,0,0,1,0x96ebaa83a6ae402c988af202681e3cd2
42,1,0,8,8,1,0,0,1,0x79d2cefdce407af739ef7adfd4a66d9d
42,1,0,9,9,1,0,0,1,0x80000000000000000000000000000000
42,1,0,10,10,1,0,0,1,0x00000000000000000000000000000000
42,1,0,11,11,1,0,0,1,0x00000000000000000000000000000000
42,0,1,0,0,0,0,0,1,0x00000000000000000000000000000000
42,0,1,1,1,0,0,0,1,0x00000000000000000000000000001000
42,0,1,2,2,0,0,0,1,0x73eda753299d7d483339d80809a1d805
42,0,1,3,3,0,0,0,1,0x53bda402fffe5bfeffffffff00000001
43,1,0,0,0,1,0,0,1,0x01898bfaaeb4c50962ea78c6f58bf695
43,1,0,1,1,1,0,0,1,0xbeb006cbe4c5a2158bdfb739b10bddf7
43,1,0,2,2,1,0,0,1,0x2a18fd2a62e26310f0425fd4cfe167e7
43,1,0,3,3,1,0,0,1,0x1ea648dfd5e2a08b4988e1d01572b6b3
43,1,0,4,4,1,0,0,1,0x60627607cc6e9dbf20b7d89d273c48a0
43,1,0,5,5,1,0,0,1,0x2769a570efa86e11fb8847922934b512
43,1,0,6,6,1,0,0,1,0xacfe908cacce262746741642676a476a
43,1,0,7,7,1,0,0,1,0x03dae9fd2a4c6798a469a908be472ae1
43,1,0,8,8,1,0,0,1,0xbe9073142e1b67c61ee7e7b2afb51932
43,1,0,9,9,1,0,0,1,0x80000000000000000000000000000000
43,1,0,10,10,1,0,0,1,0x00000000000000000000000000000000
43,1,0,11,11,1,0,0,1,0x00000000000000000000000000000000
43,0,1,0,0,0,0,0,1,0x00000000000000000000000000000000
43,0,1,1,1,0,0,0,1,0x00000000000000000000000000001000
43,0,1,2,2,0,0,0,1,0x73eda753299d7d483339d80809a1d805
43,0,1,3,3,0,0,0,1,0x53bda402fffe5bfeffffffff00000001
44,1,0,0,0,1,0,0,1,0x01a56ef328acb1e94d1a5405ecee0844
44,1,0,1,1,1,0,0,1,0xcae424cc731e81b237bf3f7487ae5e01
44,1,0,2,2,1,0,0,1,0x432f785eed6d218a4821b80b478877e1
44,1,0,3,3,1,0,0,1,0xa02a6994ba871f122dc299d9a03df79a
44,1,0,4,4,1,0,0,1,0x1ce28e21daee3cd5766d9badde09aca0
44,1,0,5,5,1,0,0,1,0xb8038622b6b3f4aa6d9bbdc12cd90def
44,1,0,6,6,1,0,0,1,0xb5570e72905f74b6e6f696e17eb373a5
44,1,0,7,7,1,0,0,1,0x6e7a47b657b14888ec962f32638902ae
44,1,0,8,8,1,0,0,1,0x14d4e573cbb1d82d479fb781e62bfff3
44,1,0,9,9,1,0,0,1,0xa0000000000000000000000000000000
44,1,0,10,10,1,0,0,1,0x00000000000000000000000000000000
44,1,0,11,11,1,0,0,1,0x00000000000000000000000000000000
44,0,1,0,0,0,0,0,1,0x00000000000000000000000000000000
44,0,1,1,1,0,0,0,1,0x00000000000000000000000000001000
44,0,1,2,2,0,0,0,1,0x73eda753299d7d483339d80809a1d805
44,0,1,3,3,0,0,0,1,0x53bda402fffe5bfeffffffff00000001
45,1,0,0,0,1,0,0,1,0x01f6301bbe126d3337aad8ad97d08937
45,1,0,1,1,1,0,0,1,0xb9c5af272c3bd6de8f19d6f8990ad27b
45,1,0,2,2,1,0,0,1,0x4e330596a6fa17596f235470eb2bc332
45,1,0,3,3,1,0,0,1,0x162e1bcc86e5c4672af918e102349638
45,1,0,4,4,1,0,0,1,0x63dcd18343b6a5097f288f4caade30ee
45,1,0,5,5,1,0,0,1,0x58d70104b71388f954522092205bb622
45,1,0,6,6,1,0,0,1,0xa8e41e44b8eade597477fa30e33abfef
45,1,0,7,7,1,0,0,1,0xbe950e9a79b24f89be2f2807bc13874b
45,1,0,8,8,1,0,0,1,0x82858d7257a35ade1199f6b41375a11b
45,1,0,9,9,1,0,0,1,0xa0000000000000000000000000000000
45,1,0,10,10,1,0,0,1,0x00000000000000000000000000000000
45,1,0,11,11,1,0,0,1,0x00000000000000000000000000000000
45,0,1,0,0,0,0,0,1,0x00000000000000000000000000000000
45,0,1,1,1,0,0,0,1,0x00000000000000000000000000001000
45,0,1,2,2,0,0,0,1,0x73eda753299d7d483339d80809a1d805
45,0,1,3,3,0,0,0,1,0x53bda402fffe5bfeffffffff00000001
46,1,0,0,0,1,0,0,1,0x019592e9e1c62f558d5583756534d622
46,1,0,1,1,1,0,0,1,0x8f3999ac81fe3458000e7b1e7d974a08
46,1,0,2,2,1,0,0,1,0x2dc15bdda14f80c9d9266cbad212385d
46,1,0,3,3,1,0,0,1,0x5ae8fda66797461ce3892ecd68f821c0
46,1,0,4,4,1,0,0,1,0x695ccc3a6da19238b522c0d711c4ad92
46,1,0,5,5,1,0,0,1,0x368506c00c4df2470345d211a3090283
46,1,0,6,6,1,0,0,1,0xb38b809af4eba0708764e354da8bb172
46,1,0,7,7,1,0,0,1,0xe5a9ee2ab3ae4d3705fe249b0c1a32bb
46,1,0,8,8,1,0,0,1,0x24cc6dbe283fd0199f5ab1bd1a6145b1
46,1,0,9,9,1,0,0,1,0xb8593e0e79f34398c574827863a0130f
46,1,0,10,10,1,0,0,1,0x331b3c552db65d02c7d2dec80d76f0af
46,1,0,11,11,1,0,0,1,0x19230e4b776a2f66647e4783803398c6
46,0,1,0,0,0,0,0,1,0x00000000000000000000000000000000
46,0,1,1,1,0,0,0,1,0x00000000000000000000000000001000
46,0,1,2,2,0,0,0,1,0x73eda753299d7d483339d80809a1d805
46,0,1,3,3,0,0,0,1,0x53bda402fffe5bfeffffffff00000001
47,1,0,0,0,1,0,0,1,0x01ecf5bfb7de5bf0fb39a2716dfe5c0e
47,1,0,1,1,1,0,0,1,0x326baa272268745fb8983717c99c8a95
47,1,0,2,2,1,0,0,1,0x17d23c16a4d69d910c2e2b65a5c2ac74
47,1,0,3,3,1,0,0,1,0xcdabe5f88ecf7435ffbdf7726b436dc0
47,1,0,4,4,1,0,0,1,0x0efe80c539e7aba7a952f17812eb432b
47,1,0,5,5,1,0,0,1,0xead5da73e8e7969a32ff0dbf214c3e1d
47,1,0,6,6,1,0,0,1,0xae1bb33ee39d4b8f9de4cc200c8ec217
47,1,0,7,7,1,0,0,1,0x26522ed3f16536b1f0c5539efb1687ab
47,1,0,8,8,1,0,0,1,0x53f7b2836ea073db7c35b55cfbd91c53
47,1,0,9,9,1,0,0,1,0x92b8e7ee9f865ae41dca195b43407e3d
47,1,0,10,10,1,0,0,1,0xf817f718183e11f933d8e0a1d23eba40
47,1,0,11,11,1,0,0,1,0xeb0475ef0a182b1a1a411f90f4507737
47,0,1,0,0,0,0,0,1,0x00000000000000000000000000000000
47,0,1,1,1,0,0,0,1,0x00000000000000000000000000001000
47,0,1,2,2,0,0,0,1,0x73eda753299d7d483339d80809a1d805
47,0,1,3,3,0,0,0,1,0x53bda402fffe5bfeffffffff00000001
48,1,0,0,0,1,0,0,1,0x01208c7f2d947d716244ab36ff6757f9
48,1,0,1,1,1,0,0,1,0xec1a3c42e06bbb62ef82ab3c9a0ea467
48,1,0,2,2,1,0,0,1,0x6b42a83c4c7698c07759e18546149df0
48,1,0,3,3,1,0,0,1,0xfd84ad3d3c5076adb9fa7835f0d4efc4
48,1,0,4,4,1,0,0,1,0x2e0ed1eb1f89f152662ee169c88172d0
48,1,0,5,5,1,0,0,1,0x5dbd506bf61a15edbf2dd49e79a3ca8c
48,1,0,6,6,1,0,0,1,0xa78593e13669f523702a9d8083449d23
48,1,0,7,7,1,0,0,1,0x6ae581ad2b8994acdf07cba130ffb736
48,1,0,8,8,1,0,0,1,0xf6f3efc5fdf0b9103a67c096f914d580
48,1,0,9,9,1,0,0,1,0xb694321a063ad923f5cca8d1735037d0
48,1,0,10,10,1,0,0,1,0xe6127e80c4206394a5be10883a674f8d
48,1,0,11,11,1,0,0,1,0x9a49f300bf3a51f3f0c77c778ad83f34
48,0,1,0,0,0,0,0,1,0x00000000000000000000000000000000
48,0,1,1,1,0,0,0,1,0x00000000000000000000000000001000
48,0,1,2,2,0,0,0,1,0x73eda753299d7d483339d80809a1d805
48,0,1,3,3,0,0,0,1,0x53bda402fffe5bfeffffffff00000001
49,1,0,0,0,1,0,0,1,0x014cc0c62db39c31cd5c6688a7fb6c44
49,1,0,1,1,1,0,0,1,0x8bb05ab35b0539e17d95aa3a465af375
49,1,0,2,2,1,0,0,1,0x1a077fc237ee1d179e6a6e4ba789755e
49,1,0,3,3,1,0,0,1,0x26b0b836302b5af6136d85cfa0347ddd
49,1,0,4,4,1,0,0,1,0x24c039f7b66cd6ef55cebc25bda4d266
49,1,0,5,5,1,0,0,1,0xe5ccf292a50e79c15a345b826977ebec
49,1,0,6,6,1,0,0,1,0xb00d9f703d71ee8b178237c9320b0a50
49,1,0,7,7,1,0,0,1,0x9b261b3753dc0c1821985486f6a7f9a2
49,1,0,8,8,1,0,0,1,0xf751e71a570c0e31e147bf2f8f9dc682
49,1,0,9,9,1,0,0,1,0xa4786f4264f1b9a9235e07084d77d968
49,1,0,10,10,1,0,0,1,0xc7493c49ef0fc4525b29d454e9584ed6
49,1,0,11,11,1,0,0,1,0xeef6eed4c4d23d039a133edac947d915
49,0,1,0,0,0,0,0,1,0x00000000000000000000000000000000
49,0,1,1,1,0,0,0,1,0x00000000000000000000000000001000
49,0,1,2,2,0,0,0,1,0x73eda753299d7d483339d80809a1d805
49,0,1,3,3,0,0,0,1,0x53bda402fffe5bfeffffffff00000001
