PACKED_DATA,SELECTOR,IS_FIRST_LANE_OF_NEW_HASH
4203684334,1,1
3899182975,1,0
3211190227,0,0
3211190227,1,0
1840317754,1,0
4056685515,1,0
2336283173,1,0
3745231616,1,0
3591215184,1,0
1635973824,1,0
568292394,1,0
1249151786,1,0
1599398490,1,0
1599398490,0,0
3257542842,1,0
1505309744,1,0
4067759646,1,0
2748507796,1,0
1542915364,1,0
338572605,1,0
4007277090,1,0
1125630408,1,0
2160156539,1,0
1589989355,1,0
1714136172,1,0
2007270946,1,0
3843206840,0,0
3843206840,0,0
3843206840,0,0
3843206840,1,0
3113503204,1,0
1401068785,1,0
3765773369,1,0
1304000046,1,0
1358837862,1,0
4103891950,1,0
1403066615,1,0
568517016,1,0
3927392006,1,0
1699801533,1,0
2159874113,1,0
2996499857,1,0
1601253532,1,0
300635286,1,0
3810766134,1,0
3771339166,1,0
2184696715,1,0
1154564075,1,0
3060537481,1,0
3205620837,1,0
75723921,1,0
922251909,1,0
2971677489,1,0
1424775991,0,0
1424775991,0,0
1424775991,0,0
1424775991,0,0
1424775991,0,0
1424775991,1,0
3209207975,1,0
2413341486,1,0
1641180794,1,0
801567347,1,0
3722705637,1,0
2364201979,1,0
1985847006,1,0
4239083700,1,0
4064760494,1,0
3070191414,1,0
3003646664,1,0
1284762363,1,0
1368086488,1,0
7730899,0,0
7730899,0,0
7730899,0,0
7730899,0,0
7730899,1,0
2814450170,1,0
1286223348,1,0
377520144,1,0
1682466018,1,0
421480848,1,0
129773638,1,0
3351607053,1,0
1483200574,1,0
3687657727,1,0
3758163361,1,0
1905908022,1,0
683848208,1,0
4206323226,1,0
113108309,1,0
1295918802,1,0
604033897,1,0
410871851,1,0
2162588301,1,0
4244907427,1,0
4097638975,1,0
78976932,1,0
4271979141,1,0
3349340252,1,0
1676068902,1,0
690686398,1,0
608652047,1,0
2356361820,1,0
2435251707,1,0
19918139,1,0
3902296649,1,0
595537297,1,0
1532792301,1,0
3028470025,1,0
2094622833,1,0
2521384170,1,0
214040128,1,0
4185499882,1,0
3897092110,1,0
3145631411,1,0
3710318012,1,0
2051503068,1,0
951071617,1,0
3770245751,1,0
3722858331,1,0
873979936,1,0
2853655487,1,0
2288111641,1,0
3260675361,1,0
134050392,1,0
2623848626,1,0
4012526135,1,0
721613788,1,0
2214784505,1,0
571001762,1,0
43243799,0,0
43243799,0,0
43243799,1,0
43243799,0,0
1922997635,1,0
1543872925,1,0
4184890203,1,0
700387737,1,0
3226361868,1,0
1039219217,1,0
4124944668,1,0
407995621,1,0
1800559487,1,0
3782289099,1,0
724240664,1,0
350785436,1,0
1440458515,1,0
2027013664,1,0
2832401505,1,0
28916335,1,0
3937492775,1,0
3930065293,1,0
380718581,1,0
543362809,1,0
3639003360,1,0
4056866405,1,0
1243291462,1,0
595433600,1,0
0,1,0
4536,1,0
0,0,0
0,0,0
0,0,0
0,0,0
0,0,0
0,0,0
0,0,0
0,0,0
0,0,0
0,0,0
0,0,0
0,0,0
0,0,0
0,0,0
0,0,0
0,0,0
0,0,0
0,0,0
0,0,0
0,0,0
0,0,0
0,0,0
0,0,0
0,0,0
0,0,0
0,0,0
0,0,0
0,0,0
0,0,0
0,0,0
0,0,0
0,0,0
0,0,0
0,0,0
0,0,0
0,0,0
0,0,0
0,0,0
0,0,0
0,0,0
0,0,0
0,0,0
0,0,0
0,0,0
0,0,0
0,0,0
0,0,0
0,0,0
0,0,0
0,0,0
0,0,0
0,0,0
0,0,0
0,0,0
0,0,0
0,0,0
0,0,0
0,0,0
0,0,0
0,0,0
0,0,0
0,0,0
0,0,0
0,0,0
0,0,0
0,0,0
0,0,0
0,0,0
0,0,0
0,0,0
0,0,0
0,0,0
0,0,0
0,0,0
0,0,0
0,0,0
0,0,0
0,0,0
0,0,0
0,0,0
0,0,0
0,0,0
0,0,0
0,0,0
0,0,0
0,0,0
0,0,0
0,0,0
0,0,0
0,0,0
0,0,0
0,0,0
0,0,0
0,0,0
0,0,0
